CLASS,EXPIRE_TIME_GMT,FCST_VALID,FCST_VALID_LOCAL,NUM,DAY_IND,TEMP,DEWPT,HI,WC,FEELS_LIKE,ICON_EXTD,WXMAN,ICON_CODE,DOW,PHRASE_12CHAR,PHRASE_22CHAR,PHRASE_32CHAR,SUBPHRASE_PT1,SUBPHRASE_PT2,SUBPHRASE_PT3,POP,PRECIP_TYPE,QPF,SNOW_QPF,RH,WSPD,WDIR,WDIR_CARDINAL,GUST,CLDS,VIS,MSLP,UV_INDEX_RAW,UV_INDEX,UV_WARNING,UV_DESC,GOLF_INDEX,GOLF_CATEGORY,SEVERITY,LATITUDE,LONGITUDE
fod_short_range_hourly,1688056896,1688058000,2023-06-29T12:00:00-0500,1,D,91,74,102,91,102,3200,wx1030,32,Thursday,Sunny,Sunny,Sunny,Sunny,,,0,rain,0.0,0.0,58,9,205,SSW,,0,10.0,29.96,9.26,9,0,Very High,8.0,Very Good,1,32.3667,-95.4
fod_short_range_hourly,1688056896,1688061600,2023-06-29T13:00:00-0500,2,D,94,74,106,94,106,3200,wx1030,32,Thursday,Sunny,Sunny,Sunny,Sunny,,,0,rain,0.0,0.0,53,8,196,SSW,,0,10.0,29.94,10.62,11,1,Extreme,7.0,Good,1,32.3667,-95.4
fod_short_range_hourly,1688056896,1688065200,2023-06-29T14:00:00-0500,3,D,95,73,106,95,106,3200,wx1030,32,Thursday,Sunny,Sunny,Sunny,Sunny,,,0,rain,0.0,0.0,49,9,186,S,,0,10.0,29.92,10.49,10,0,Very High,7.0,Good,1,32.3667,-95.4
fod_short_range_hourly,1688056896,1688068800,2023-06-29T15:00:00-0500,4,D,97,72,108,97,108,3200,wx1030,32,Thursday,Sunny,Sunny,Sunny,Sunny,,,0,rain,0.0,0.0,45,9,185,S,,0,10.0,29.9,8.9,9,0,Very High,7.0,Good,1,32.3667,-95.4
fod_short_range_hourly,1688056896,1688072400,2023-06-29T16:00:00-0500,5,D,97,71,107,97,107,3200,wx1030,32,Thursday,Sunny,Sunny,Sunny,Sunny,,,0,rain,0.0,0.0,44,9,182,S,,0,10.0,29.89,6.46,6,0,High,7.0,Good,1,32.3667,-95.4
fod_short_range_hourly,1688056896,1688076000,2023-06-29T17:00:00-0500,6,D,97,71,106,97,106,3200,wx1030,32,Thursday,Sunny,Sunny,Sunny,Sunny,,,0,rain,0.0,0.0,43,9,177,S,,1,10.0,29.88,3.92,4,0,Moderate,7.0,Good,1,32.3667,-95.4
fod_short_range_hourly,1688056896,1688079600,2023-06-29T18:00:00-0500,7,D,96,71,106,96,106,3200,wx1030,32,Thursday,Sunny,Sunny,Sunny,Sunny,,,0,rain,0.0,0.0,45,9,172,S,,1,10.0,29.87,1.85,2,0,Low,7.0,Good,1,32.3667,-95.4
fod_long_range_hourly,1688058508,1688083200,2023-06-29T19:00:00-0500,8,D,95,72,105,95,105,3200,wx1030,32,Thursday,Sunny,Sunny,Sunny,Sunny,,,0,rain,0.0,0.0,47,9,164,SSE,,1,10.0,29.86,0.55,1,0,Low,7.0,Good,1,32.3667,-95.4
fod_long_range_hourly,1688058508,1688086800,2023-06-29T20:00:00-0500,9,D,92,73,102,92,102,3200,wx1030,32,Thursday,Sunny,Sunny,Sunny,Sunny,,,0,rain,0.0,0.0,54,6,170,S,,2,10.0,29.87,0.08,0,0,Low,8.0,Very Good,1,32.3667,-95.4
fod_long_range_hourly,1688058508,1688090400,2023-06-29T21:00:00-0500,10,N,88,73,97,88,97,3100,wx1500,31,Thursday,Clear,Clear,Clear,Clear,,,0,rain,0.0,0.0,60,5,168,SSE,,2,10.0,29.88,0.0,0,0,Low,,,1,32.3667,-95.4
fod_long_range_hourly,1688058508,1688094000,2023-06-29T22:00:00-0500,11,N,86,73,94,86,94,3100,wx1500,31,Thursday,Clear,Clear,Clear,Clear,,,1,rain,0.0,0.0,63,5,167,SSE,,2,10.0,29.9,0.0,0,0,Low,,,1,32.3667,-95.4
fod_long_range_hourly,1688058508,1688097600,2023-06-29T23:00:00-0500,12,N,85,73,92,85,92,3100,wx1500,31,Thursday,Clear,Clear,Clear,Clear,,,1,rain,0.0,0.0,67,6,161,SSE,,2,10.0,29.91,0.0,0,0,Low,,,1,32.3667,-95.4
fod_long_range_hourly,1688058508,1688101200,2023-06-30T00:00:00-0500,13,N,84,73,91,84,91,3100,wx1500,31,Friday,Clear,Clear,Clear,Clear,,,1,rain,0.0,0.0,70,6,166,SSE,,3,10.0,29.91,0.0,0,0,Low,,,1,32.3667,-95.4
fod_long_range_hourly,1688058508,1688104800,2023-06-30T01:00:00-0500,14,N,83,73,90,83,90,3100,wx1500,31,Friday,Clear,Clear,Clear,Clear,,,1,rain,0.0,0.0,71,6,176,S,,5,10.0,29.92,0.0,0,0,Low,,,1,32.3667,-95.4
fod_long_range_hourly,1688058508,1688108400,2023-06-30T02:00:00-0500,15,N,83,72,89,83,89,3100,wx1500,31,Friday,Clear,Clear,Clear,Clear,,,2,rain,0.0,0.0,71,6,182,S,,3,10.0,29.92,0.0,0,0,Low,,,1,32.3667,-95.4
fod_long_range_hourly,1688058508,1688112000,2023-06-30T03:00:00-0500,16,N,81,72,87,81,87,3100,wx1500,31,Friday,Clear,Clear,Clear,Clear,,,2,rain,0.0,0.0,73,6,184,S,,8,10.0,29.92,0.0,0,0,Low,,,1,32.3667,-95.4
fod_long_range_hourly,1688058508,1688115600,2023-06-30T04:00:00-0500,17,N,81,73,86,81,86,3100,wx1500,31,Friday,Clear,Clear,Clear,Clear,,,3,rain,0.0,0.0,76,7,186,S,,12,10.0,29.92,0.0,0,0,Low,,,1,32.3667,-95.4
fod_long_range_hourly,1688058508,1688119200,2023-06-30T05:00:00-0500,18,N,80,72,85,80,85,3100,wx1500,31,Friday,Clear,Clear,Clear,Clear,,,4,rain,0.0,0.0,77,7,189,S,,8,10.0,29.93,0.0,0,0,Low,,,1,32.3667,-95.4
fod_long_range_hourly,1688058508,1688122800,2023-06-30T06:00:00-0500,19,N,79,72,84,79,84,3100,wx1500,31,Friday,Clear,Clear,Clear,Clear,,,4,rain,0.0,0.0,78,7,197,SSW,,8,10.0,29.94,0.0,0,0,Low,,,1,32.3667,-95.4
fod_long_range_hourly,1688058508,1688126400,2023-06-30T07:00:00-0500,20,D,79,72,84,79,84,3200,wx1000,32,Friday,Sunny,Sunny,Sunny,Sunny,,,5,rain,0.0,0.0,81,7,196,SSW,,12,10.0,29.96,0.11,0,0,Low,9.0,Very Good,1,32.3667,-95.4
fod_long_range_hourly,1688058508,1688130000,2023-06-30T08:00:00-0500,21,D,82,72,87,82,87,3200,wx1030,32,Friday,Sunny,Sunny,Sunny,Sunny,,,3,rain,0.0,0.0,74,9,206,SSW,,9,10.0,29.97,0.71,1,0,Low,9.0,Very Good,1,32.3667,-95.4
fod_long_range_hourly,1688058508,1688133600,2023-06-30T09:00:00-0500,22,D,84,72,91,84,91,3200,wx1030,32,Friday,Sunny,Sunny,Sunny,Sunny,,,2,rain,0.0,0.0,68,10,217,SW,16.0,7,10.0,29.98,2.15,2,0,Low,9.0,Very Good,1,32.3667,-95.4
fod_long_range_hourly,1688058508,1688137200,2023-06-30T10:00:00-0500,23,D,87,72,94,87,94,3200,wx1030,32,Friday,Sunny,Sunny,Sunny,Sunny,,,1,rain,0.0,0.0,63,10,222,SW,,5,10.0,29.98,4.33,4,0,Moderate,8.0,Very Good,1,32.3667,-95.4
fod_long_range_hourly,1688058508,1688140800,2023-06-30T11:00:00-0500,24,D,89,71,97,89,97,3200,wx1030,32,Friday,Sunny,Sunny,Sunny,Sunny,,,0,rain,0.0,0.0,56,10,214,SW,,2,10.0,29.98,6.89,7,0,High,8.0,Very Good,1,32.3667,-95.4
fod_long_range_hourly,1688058508,1688144400,2023-06-30T12:00:00-0500,25,D,91,71,100,91,100,3200,wx1030,32,Friday,Sunny,Sunny,Sunny,Sunny,,,0,rain,0.0,0.0,52,10,209,SSW,17.0,9,10.0,29.98,9.25,9,0,Very High,8.0,Very Good,1,32.3667,-95.4
fod_long_range_hourly,1688058508,1688148000,2023-06-30T13:00:00-0500,26,D,94,71,102,94,102,3200,wx1030,32,Friday,Sunny,Sunny,Sunny,Sunny,,,0,rain,0.0,0.0,48,9,199,SSW,,13,10.0,29.96,10.61,11,1,Extreme,7.0,Good,1,32.3667,-95.4
fod_long_range_hourly,1688058508,1688151600,2023-06-30T14:00:00-0500,27,D,95,70,103,95,103,3200,wx1030,32,Friday,Sunny,Sunny,Sunny,Sunny,,,0,rain,0.0,0.0,45,10,182,S,,6,10.0,29.94,10.49,10,0,Very High,7.0,Good,1,32.3667,-95.4
fod_long_range_hourly,1688058508,1688155200,2023-06-30T15:00:00-0500,28,D,96,70,104,96,104,3200,wx1030,32,Friday,Sunny,Sunny,Sunny,Sunny,,,0,rain,0.0,0.0,44,10,183,S,,6,10.0,29.92,8.9,9,0,Very High,7.0,Good,1,32.3667,-95.4
fod_long_range_hourly,1688058508,1688158800,2023-06-30T16:00:00-0500,29,D,96,70,105,96,105,3200,wx1030,32,Friday,Sunny,Sunny,Sunny,Sunny,,,0,rain,0.0,0.0,43,9,182,S,,8,10.0,29.9,6.46,6,0,High,7.0,Good,1,32.3667,-95.4
fod_long_range_hourly,1688058508,1688162400,2023-06-30T17:00:00-0500,30,D,96,70,104,96,104,3200,wx1030,32,Friday,Sunny,Sunny,Sunny,Sunny,,,0,rain,0.0,0.0,44,9,175,S,,9,10.0,29.89,3.92,4,0,Moderate,7.0,Good,1,32.3667,-95.4
fod_long_range_hourly,1688058508,1688166000,2023-06-30T18:00:00-0500,31,D,95,70,103,95,103,3200,wx1030,32,Friday,Sunny,Sunny,Sunny,Sunny,,,0,rain,0.0,0.0,44,9,175,S,,10,10.0,29.87,1.85,2,0,Low,7.0,Good,1,32.3667,-95.4
fod_long_range_hourly,1688058508,1688169600,2023-06-30T19:00:00-0500,32,D,93,70,101,93,101,3200,wx1030,32,Friday,Sunny,Sunny,Sunny,Sunny,,,0,rain,0.0,0.0,47,9,162,SSE,,12,10.0,29.86,0.58,1,0,Low,7.0,Good,1,32.3667,-95.4
fod_long_range_hourly,1688058508,1688173200,2023-06-30T20:00:00-0500,33,D,91,71,99,91,99,3200,wx1030,32,Friday,Sunny,Sunny,Sunny,Sunny,,,0,rain,0.0,0.0,52,6,168,SSE,,12,10.0,29.86,0.09,0,0,Low,8.0,Very Good,1,32.3667,-95.4
fod_long_range_hourly,1688058508,1688176800,2023-06-30T21:00:00-0500,34,N,87,71,94,87,94,3100,wx1500,31,Friday,Clear,Clear,Clear,Clear,,,0,rain,0.0,0.0,59,5,158,SSE,,11,10.0,29.87,0.0,0,0,Low,,,1,32.3667,-95.4
fod_long_range_hourly,1688058508,1688180400,2023-06-30T22:00:00-0500,35,N,86,71,92,86,92,3100,wx1500,31,Friday,Clear,Clear,Clear,Clear,,,0,rain,0.0,0.0,62,5,158,SSE,,12,10.0,29.88,0.0,0,0,Low,,,1,32.3667,-95.4
fod_long_range_hourly,1688058508,1688184000,2023-06-30T23:00:00-0500,36,N,84,71,91,84,91,3300,wx1500,33,Friday,M Clear,Mostly Clear,Mostly Clear,Mostly,Clear,,1,rain,0.0,0.0,65,5,162,SSE,,21,10.0,29.9,0.0,0,0,Low,,,1,32.3667,-95.4
fod_long_range_hourly,1688058508,1688187600,2023-07-01T00:00:00-0500,37,N,84,72,90,84,90,3300,wx1500,33,Saturday,M Clear,Mostly Clear,Mostly Clear,Mostly,Clear,,1,rain,0.0,0.0,68,6,167,SSE,,27,10.0,29.91,0.0,0,0,Low,,,1,32.3667,-95.4
fod_long_range_hourly,1688058508,1688191200,2023-07-01T01:00:00-0500,38,N,83,72,89,83,89,2900,wx1600,29,Saturday,P Cloudy,Partly Cloudy,Partly Cloudy,Partly,Cloudy,,1,rain,0.0,0.0,69,7,180,S,,50,10.0,29.92,0.0,0,0,Low,,,1,32.3667,-95.4
fod_long_range_hourly,1688058508,1688194800,2023-07-01T02:00:00-0500,39,N,82,71,88,82,88,2700,wx1200,27,Saturday,M Cloudy,Mostly Cloudy,Mostly Cloudy,Mostly,Cloudy,,1,rain,0.0,0.0,69,7,185,S,,65,10.0,29.92,0.0,0,0,Low,,,1,32.3667,-95.4
fod_long_range_hourly,1688058508,1688198400,2023-07-01T03:00:00-0500,40,N,81,71,86,81,86,2700,wx1200,27,Saturday,M Cloudy,Mostly Cloudy,Mostly Cloudy,Mostly,Cloudy,,2,rain,0.0,0.0,71,7,190,S,,70,10.0,29.92,0.0,0,0,Low,,,1,32.3667,-95.4
fod_long_range_hourly,1688058508,1688202000,2023-07-01T04:00:00-0500,41,N,81,72,86,81,86,2700,wx1200,27,Saturday,M Cloudy,Mostly Cloudy,Mostly Cloudy,Mostly,Cloudy,,3,rain,0.0,0.0,74,9,192,S,,67,10.0,29.92,0.0,0,0,Low,,,1,32.3667,-95.4
fod_long_range_hourly,1688058508,1688205600,2023-07-01T05:00:00-0500,42,N,80,72,85,80,85,2700,wx1200,27,Saturday,M Cloudy,Mostly Cloudy,Mostly Cloudy,Mostly,Cloudy,,4,rain,0.0,0.0,76,9,191,S,17.0,71,10.0,29.93,0.0,0,0,Low,,,1,32.3667,-95.4
fod_long_range_hourly,1688058508,1688209200,2023-07-01T06:00:00-0500,43,N,79,71,84,79,84,2700,wx1200,27,Saturday,M Cloudy,Mostly Cloudy,Mostly Cloudy,Mostly,Cloudy,,5,rain,0.0,0.0,77,8,193,SSW,,72,9.0,29.93,0.0,0,0,Low,,,1,32.3667,-95.4
fod_long_range_hourly,1688058508,1688212800,2023-07-01T07:00:00-0500,44,D,79,72,84,79,84,2800,wx1200,28,Saturday,M Cloudy,Mostly Cloudy,Mostly Cloudy,Mostly,Cloudy,,5,rain,0.0,0.0,79,7,192,S,,60,9.0,29.94,0.1,0,0,Low,9.0,Very Good,1,32.3667,-95.4
fod_long_range_hourly,1688058508,1688216400,2023-07-01T08:00:00-0500,45,D,80,73,86,80,86,3000,wx1130,30,Saturday,P Cloudy,Partly Cloudy,Partly Cloudy,Partly,Cloudy,,4,rain,0.0,0.0,77,9,197,SSW,16.0,59,10.0,29.95,0.68,1,0,Low,9.0,Very Good,1,32.3667,-95.4
fod_long_range_hourly,1688058508,1688220000,2023-07-01T09:00:00-0500,46,D,83,73,89,83,89,3000,wx1130,30,Saturday,P Cloudy,Partly Cloudy,Partly Cloudy,Partly,Cloudy,,3,rain,0.0,0.0,73,10,210,SSW,17.0,59,10.0,29.96,2.07,2,0,Low,9.0,Very Good,1,32.3667,-95.4
fod_long_range_hourly,1688058508,1688223600,2023-07-01T10:00:00-0500,47,D,86,73,93,86,93,3000,wx1130,30,Saturday,P Cloudy,Partly Cloudy,Partly Cloudy,Partly,Cloudy,,1,rain,0.0,0.0,65,11,213,SSW,18.0,58,10.0,29.97,4.18,4,0,Moderate,8.0,Very Good,1,32.3667,-95.4
fod_long_range_hourly,1688058508,1688227200,2023-07-01T11:00:00-0500,48,D,88,71,96,88,96,2800,wx1230,28,Saturday,M Cloudy,Mostly Cloudy,Mostly Cloudy,Mostly,Cloudy,,0,rain,0.0,0.0,58,11,211,SSW,18.0,62,10.0,29.97,6.67,7,0,High,8.0,Very Good,1,32.3667,-95.4
fod_long_range_hourly,1688058508,1688230800,2023-07-01T12:00:00-0500,49,D,90,71,97,90,97,2800,wx1230,28,Saturday,M Cloudy,Mostly Cloudy,Mostly Cloudy,Mostly,Cloudy,,0,rain,0.0,0.0,53,11,213,SSW,18.0,61,10.0,29.96,8.95,9,0,Very High,8.0,Very Good,1,32.3667,-95.4
fod_long_range_hourly,1688058508,1688234400,2023-07-01T13:00:00-0500,50,D,92,71,100,92,100,3000,wx1130,30,Saturday,P Cloudy,Partly Cloudy,Partly Cloudy,Partly,Cloudy,,0,rain,0.0,0.0,51,10,210,SSW,,57,10.0,29.95,10.28,10,0,Very High,8.0,Very Good,1,32.3667,-95.4
fod_long_range_hourly,1688058508,1688238000,2023-07-01T14:00:00-0500,51,D,93,70,101,93,101,3000,wx1130,30,Saturday,P Cloudy,Partly Cloudy,Partly Cloudy,Partly,Cloudy,,0,rain,0.0,0.0,48,9,200,SSW,,49,10.0,29.93,11.04,11,1,Extreme,7.0,Good,1,32.3667,-95.4
fod_long_range_hourly,1688058508,1688241600,2023-07-01T15:00:00-0500,52,D,94,69,102,94,102,3000,wx1130,30,Saturday,P Cloudy,Partly Cloudy,Partly Cloudy,Partly,Cloudy,,0,rain,0.0,0.0,45,9,202,SSW,,51,10.0,29.91,8.63,9,0,Very High,7.0,Good,1,32.3667,-95.4
fod_long_range_hourly,1688058508,1688245200,2023-07-01T16:00:00-0500,53,D,95,69,102,95,102,3000,wx1130,30,Saturday,P Cloudy,Partly Cloudy,Partly Cloudy,Partly,Cloudy,,0,rain,0.0,0.0,44,8,203,SSW,,58,10.0,29.89,6.26,6,0,High,7.0,Good,1,32.3667,-95.4
fod_long_range_hourly,1688058508,1688248800,2023-07-01T17:00:00-0500,54,D,95,68,102,95,102,2800,wx1230,28,Saturday,M Cloudy,Mostly Cloudy,Mostly Cloudy,Mostly,Cloudy,,0,rain,0.0,0.0,43,8,194,SSW,,61,10.0,29.87,3.81,4,0,Moderate,7.0,Good,1,32.3667,-95.4
fod_long_range_hourly,1688058508,1688252400,2023-07-01T18:00:00-0500,55,D,94,69,101,94,101,2800,wx1230,28,Saturday,M Cloudy,Mostly Cloudy,Mostly Cloudy,Mostly,Cloudy,,0,rain,0.0,0.0,45,8,192,SSW,,62,10.0,29.85,1.8,2,0,Low,7.0,Good,1,32.3667,-95.4
fod_long_range_hourly,1688058508,1688256000,2023-07-01T19:00:00-0500,56,D,92,70,100,92,100,3000,wx1130,30,Saturday,P Cloudy,Partly Cloudy,Partly Cloudy,Partly,Cloudy,,0,rain,0.0,0.0,48,7,170,S,,59,10.0,29.84,0.53,1,0,Low,8.0,Very Good,1,32.3667,-95.4
fod_long_range_hourly,1688058508,1688259600,2023-07-01T20:00:00-0500,57,D,90,71,98,90,98,2800,wx1230,28,Saturday,M Cloudy,Mostly Cloudy,Mostly Cloudy,Mostly,Cloudy,,0,rain,0.0,0.0,54,5,173,S,,69,10.0,29.84,0.07,0,0,Low,8.0,Very Good,1,32.3667,-95.4
fod_long_range_hourly,1688058508,1688263200,2023-07-01T21:00:00-0500,58,N,87,71,94,87,94,2700,wx1200,27,Saturday,M Cloudy,Mostly Cloudy,Mostly Cloudy,Mostly,Cloudy,,0,rain,0.0,0.0,60,5,160,SSE,,73,10.0,29.85,0.0,0,0,Low,,,1,32.3667,-95.4
fod_long_range_hourly,1688058508,1688266800,2023-07-01T22:00:00-0500,59,N,85,71,91,85,91,2600,wx1230,26,Saturday,Cloudy,Cloudy,Cloudy,Cloudy,,,0,rain,0.0,0.0,63,5,163,SSE,,84,10.0,29.85,0.0,0,0,Low,,,1,32.3667,-95.4
fod_long_range_hourly,1688058508,1688270400,2023-07-01T23:00:00-0500,60,N,83,71,89,83,89,2600,wx1230,26,Saturday,Cloudy,Cloudy,Cloudy,Cloudy,,,1,rain,0.0,0.0,68,6,162,SSE,,83,10.0,29.86,0.0,0,0,Low,,,1,32.3667,-95.4
fod_long_range_hourly,1688058508,1688274000,2023-07-02T00:00:00-0500,61,N,82,71,88,82,88,2600,wx1230,26,Sunday,Cloudy,Cloudy,Cloudy,Cloudy,,,1,rain,0.0,0.0,69,6,172,S,,81,10.0,29.87,0.0,0,0,Low,,,1,32.3667,-95.4
fod_long_range_hourly,1688058508,1688277600,2023-07-02T01:00:00-0500,62,N,82,71,87,82,87,2700,wx1200,27,Sunday,M Cloudy,Mostly Cloudy,Mostly Cloudy,Mostly,Cloudy,,3,rain,0.0,0.0,71,6,183,S,,79,10.0,29.87,0.0,0,0,Low,,,1,32.3667,-95.4
fod_long_range_hourly,1688058508,1688281200,2023-07-02T02:00:00-0500,63,N,82,71,87,82,87,2600,wx1230,26,Sunday,Cloudy,Cloudy,Cloudy,Cloudy,,,3,rain,0.0,0.0,70,6,185,S,,82,10.0,29.87,0.0,0,0,Low,,,1,32.3667,-95.4
fod_long_range_hourly,1688058508,1688284800,2023-07-02T03:00:00-0500,64,N,81,71,86,81,86,2600,wx1230,26,Sunday,Cloudy,Cloudy,Cloudy,Cloudy,,,3,rain,0.0,0.0,71,7,184,S,,80,10.0,29.87,0.0,0,0,Low,,,1,32.3667,-95.4
fod_long_range_hourly,1688058508,1688288400,2023-07-02T04:00:00-0500,65,N,81,71,86,81,86,2700,wx1200,27,Sunday,M Cloudy,Mostly Cloudy,Mostly Cloudy,Mostly,Cloudy,,6,rain,0.0,0.0,72,8,183,S,,79,10.0,29.87,0.0,0,0,Low,,,1,32.3667,-95.4
fod_long_range_hourly,1688058508,1688292000,2023-07-02T05:00:00-0500,66,N,80,71,85,80,85,2600,wx1230,26,Sunday,Cloudy,Cloudy,Cloudy,Cloudy,,,7,rain,0.0,0.0,72,9,188,S,17.0,80,10.0,29.88,0.0,0,0,Low,,,1,32.3667,-95.4
fod_long_range_hourly,1688058508,1688295600,2023-07-02T06:00:00-0500,67,N,80,70,84,80,84,2600,wx1200,26,Sunday,Cloudy,Cloudy,Cloudy,Cloudy,,,9,rain,0.0,0.0,73,8,194,SSW,,85,10.0,29.89,0.0,0,0,Low,,,1,32.3667,-95.4
fod_long_range_hourly,1688058508,1688299200,2023-07-02T07:00:00-0500,68,D,80,71,84,80,84,2600,wx1200,26,Sunday,Cloudy,Cloudy,Cloudy,Cloudy,,,12,rain,0.0,0.0,76,8,196,SSW,,86,10.0,29.9,0.07,0,0,Low,9.0,Very Good,1,32.3667,-95.4
fod_long_range_hourly,1688058508,1688302800,2023-07-02T08:00:00-0500,69,D,81,72,87,81,87,2800,wx1230,28,Sunday,M Cloudy,Mostly Cloudy,Mostly Cloudy,Mostly,Cloudy,,9,rain,0.0,0.0,73,9,200,SSW,18.0,77,10.0,29.91,0.47,0,0,Low,9.0,Very Good,1,32.3667,-95.4
fod_long_range_hourly,1688058508,1688306400,2023-07-02T09:00:00-0500,70,D,84,71,90,84,90,2800,wx1230,28,Sunday,M Cloudy,Mostly Cloudy,Mostly Cloudy,Mostly,Cloudy,,7,rain,0.0,0.0,66,10,213,SSW,18.0,64,10.0,29.92,1.79,2,0,Low,9.0,Very Good,1,32.3667,-95.4
fod_long_range_hourly,1688058508,1688310000,2023-07-02T10:00:00-0500,71,D,86,71,93,86,93,2800,wx1230,28,Sunday,M Cloudy,Mostly Cloudy,Mostly Cloudy,Mostly,Cloudy,,0,rain,0.0,0.0,60,10,216,SW,18.0,62,10.0,29.93,4.17,4,0,Moderate,8.0,Very Good,1,32.3667,-95.4
fod_long_range_hourly,1688058508,1688313600,2023-07-02T11:00:00-0500,72,D,89,71,96,89,96,2800,wx1230,28,Sunday,M Cloudy,Mostly Cloudy,Mostly Cloudy,Mostly,Cloudy,,0,rain,0.0,0.0,56,10,212,SSW,17.0,63,10.0,29.93,5.78,6,0,High,8.0,Very Good,1,32.3667,-95.4
fod_long_range_hourly,1688058508,1688317200,2023-07-02T12:00:00-0500,73,D,91,71,99,91,99,2800,wx1230,28,Sunday,M Cloudy,Mostly Cloudy,Mostly Cloudy,Mostly,Cloudy,,0,rain,0.0,0.0,53,11,214,SSW,18.0,60,10.0,29.92,8.94,9,0,Very High,8.0,Very Good,1,32.3667,-95.4
fod_long_range_hourly,1688058508,1688320800,2023-07-02T13:00:00-0500,74,D,93,71,102,93,102,3000,wx1130,30,Sunday,P Cloudy,Partly Cloudy,Partly Cloudy,Partly,Cloudy,,0,rain,0.0,0.0,50,9,209,SSW,,56,10.0,29.9,10.27,10,0,Very High,7.0,Good,1,32.3667,-95.4
fod_long_range_hourly,1688058508,1688324400,2023-07-02T14:00:00-0500,75,D,94,71,103,94,103,2800,wx1230,28,Sunday,M Cloudy,Mostly Cloudy,Mostly Cloudy,Mostly,Cloudy,,0,rain,0.0,0.0,47,9,195,SSW,,60,10.0,29.88,10.16,10,0,Very High,7.0,Good,1,32.3667,-95.4
fod_long_range_hourly,1688058508,1688328000,2023-07-02T15:00:00-0500,76,D,95,71,104,95,104,2800,wx1230,28,Sunday,M Cloudy,Mostly Cloudy,Mostly Cloudy,Mostly,Cloudy,,0,rain,0.0,0.0,46,9,198,SSW,,62,10.0,29.86,8.63,9,0,Very High,7.0,Good,1,32.3667,-95.4
fod_long_range_hourly,1688058508,1688331600,2023-07-02T16:00:00-0500,77,D,95,70,103,95,103,2800,wx1230,28,Sunday,M Cloudy,Mostly Cloudy,Mostly Cloudy,Mostly,Cloudy,,2,rain,0.0,0.0,45,7,201,SSW,,63,10.0,29.84,5.45,5,0,Moderate,7.0,Good,1,32.3667,-95.4
fod_long_range_hourly,1688058508,1688335200,2023-07-02T17:00:00-0500,78,D,95,69,102,95,102,2800,wx1230,28,Sunday,M Cloudy,Mostly Cloudy,Mostly Cloudy,Mostly,Cloudy,,2,rain,0.0,0.0,44,8,195,SSW,,63,10.0,29.83,3.31,3,0,Moderate,7.0,Good,1,32.3667,-95.4
fod_long_range_hourly,1688058508,1688338800,2023-07-02T18:00:00-0500,79,D,93,69,100,93,100,2800,wx1230,28,Sunday,M Cloudy,Mostly Cloudy,Mostly Cloudy,Mostly,Cloudy,,2,rain,0.0,0.0,46,8,189,S,,65,10.0,29.82,1.56,2,0,Low,7.0,Good,1,32.3667,-95.4
fod_long_range_hourly,1688058508,1688342400,2023-07-02T19:00:00-0500,80,D,91,69,98,91,98,2800,wx1230,28,Sunday,M Cloudy,Mostly Cloudy,Mostly Cloudy,Mostly,Cloudy,,2,rain,0.0,0.0,49,8,172,S,,67,10.0,29.81,0.46,0,0,Low,8.0,Very Good,1,32.3667,-95.4
fod_long_range_hourly,1688058508,1688346000,2023-07-02T20:00:00-0500,81,D,89,69,95,89,95,2800,wx1230,28,Sunday,M Cloudy,Mostly Cloudy,Mostly Cloudy,Mostly,Cloudy,,2,rain,0.0,0.0,52,5,183,S,,67,10.0,29.82,0.07,0,0,Low,8.0,Very Good,1,32.3667,-95.4
fod_long_range_hourly,1688058508,1688349600,2023-07-02T21:00:00-0500,82,N,86,70,91,86,91,2700,wx1200,27,Sunday,M Cloudy,Mostly Cloudy,Mostly Cloudy,Mostly,Cloudy,,0,rain,0.0,0.0,59,4,141,SE,,67,10.0,29.83,0.0,0,0,Low,,,1,32.3667,-95.4
fod_long_range_hourly,1688058508,1688353200,2023-07-02T22:00:00-0500,83,N,85,69,90,85,90,2700,wx1200,27,Sunday,M Cloudy,Mostly Cloudy,Mostly Cloudy,Mostly,Cloudy,,4,rain,0.0,0.0,60,4,146,SE,,67,10.0,29.84,0.0,0,0,Low,,,1,32.3667,-95.4
fod_long_range_hourly,1688058508,1688356800,2023-07-02T23:00:00-0500,84,N,83,71,89,83,89,2700,wx1200,27,Sunday,M Cloudy,Mostly Cloudy,Mostly Cloudy,Mostly,Cloudy,,5,rain,0.0,0.0,66,5,131,SE,,69,10.0,29.85,0.0,0,0,Low,,,1,32.3667,-95.4
fod_long_range_hourly,1688058508,1688360400,2023-07-03T00:00:00-0500,85,N,82,71,87,82,87,2700,wx1200,27,Monday,M Cloudy,Mostly Cloudy,Mostly Cloudy,Mostly,Cloudy,,6,rain,0.0,0.0,70,4,144,SE,,73,10.0,29.86,0.0,0,0,Low,,,1,32.3667,-95.4
fod_long_range_hourly,1688058508,1688364000,2023-07-03T01:00:00-0500,86,N,81,71,86,81,86,2700,wx1200,27,Monday,M Cloudy,Mostly Cloudy,Mostly Cloudy,Mostly,Cloudy,,10,rain,0.0,0.0,73,4,157,SSE,,76,10.0,29.87,0.0,0,0,Low,,,1,32.3667,-95.4
fod_long_range_hourly,1688058508,1688367600,2023-07-03T02:00:00-0500,87,N,80,71,85,80,85,2700,wx1200,27,Monday,M Cloudy,Mostly Cloudy,Mostly Cloudy,Mostly,Cloudy,,14,rain,0.0,0.0,73,4,169,S,,72,10.0,29.87,0.0,0,0,Low,,,1,32.3667,-95.4
fod_long_range_hourly,1688058508,1688371200,2023-07-03T03:00:00-0500,88,N,79,71,84,79,84,2700,wx1200,27,Monday,M Cloudy,Mostly Cloudy,Mostly Cloudy,Mostly,Cloudy,,15,rain,0.0,0.0,75,5,177,S,,65,10.0,29.87,0.0,0,0,Low,,,1,32.3667,-95.4
fod_long_range_hourly,1688058508,1688374800,2023-07-03T04:00:00-0500,89,N,79,71,84,79,84,2700,wx1200,27,Monday,M Cloudy,Mostly Cloudy,Mostly Cloudy,Mostly,Cloudy,,13,rain,0.0,0.0,76,6,180,S,,61,10.0,29.87,0.0,0,0,Low,,,1,32.3667,-95.4
fod_long_range_hourly,1688058508,1688378400,2023-07-03T05:00:00-0500,90,N,79,71,83,79,83,2700,wx1200,27,Monday,M Cloudy,Mostly Cloudy,Mostly Cloudy,Mostly,Cloudy,,22,rain,0.0,0.0,76,6,177,S,,60,10.0,29.88,0.0,0,0,Low,,,1,32.3667,-95.4
fod_long_range_hourly,1688058508,1688382000,2023-07-03T06:00:00-0500,91,N,78,71,83,78,83,2700,wx1200,27,Monday,M Cloudy,Mostly Cloudy,Mostly Cloudy,Mostly,Cloudy,,24,rain,0.0,0.0,78,6,185,S,,60,10.0,29.9,0.0,0,0,Low,,,1,32.3667,-95.4
fod_long_range_hourly,1688058508,1688385600,2023-07-03T07:00:00-0500,92,D,78,71,83,78,83,3000,wx1100,30,Monday,P Cloudy,Partly Cloudy,Partly Cloudy,Partly,Cloudy,,19,rain,0.0,0.0,79,6,184,S,,58,10.0,29.9,0.1,0,0,Low,9.0,Very Good,1,32.3667,-95.4
fod_long_range_hourly,1688058508,1688389200,2023-07-03T08:00:00-0500,93,D,81,72,86,81,86,3000,wx1130,30,Monday,P Cloudy,Partly Cloudy,Partly Cloudy,Partly,Cloudy,,11,rain,0.0,0.0,75,7,190,S,,56,10.0,29.92,0.67,1,0,Low,9.0,Very Good,1,32.3667,-95.4
fod_long_range_hourly,1688058508,1688392800,2023-07-03T09:00:00-0500,94,D,84,72,90,84,90,3000,wx1130,30,Monday,P Cloudy,Partly Cloudy,Partly Cloudy,Partly,Cloudy,,5,rain,0.0,0.0,69,8,204,SSW,,56,10.0,29.93,2.05,2,0,Low,9.0,Very Good,1,32.3667,-95.4
fod_long_range_hourly,1688058508,1688396400,2023-07-03T10:00:00-0500,95,D,87,73,94,87,94,3000,wx1130,30,Monday,P Cloudy,Partly Cloudy,Partly Cloudy,Partly,Cloudy,,1,rain,0.0,0.0,63,8,201,SSW,,57,10.0,29.93,4.15,4,0,Moderate,8.0,Very Good,1,32.3667,-95.4
fod_long_range_hourly,1688058508,1688400000,2023-07-03T11:00:00-0500,96,D,89,72,98,89,98,2800,wx1230,28,Monday,M Cloudy,Mostly Cloudy,Mostly Cloudy,Mostly,Cloudy,,15,rain,0.0,0.0,57,8,196,SSW,,66,10.0,29.93,5.77,6,0,High,8.0,Very Good,1,32.3667,-95.4
fod_long_range_hourly,1688058508,1688403600,2023-07-03T12:00:00-0500,97,D,92,72,101,92,101,2800,wx1230,28,Monday,M Cloudy,Mostly Cloudy,Mostly Cloudy,Mostly,Cloudy,,15,rain,0.0,0.0,53,8,199,SSW,,67,10.0,29.92,7.76,8,0,Very High,8.0,Very Good,1,32.3667,-95.4
fod_long_range_hourly,1688058508,1688407200,2023-07-03T13:00:00-0500,98,D,93,71,102,93,102,2800,wx1230,28,Monday,M Cloudy,Mostly Cloudy,Mostly Cloudy,Mostly,Cloudy,,15,rain,0.0,0.0,49,8,195,SSW,,68,10.0,29.91,8.92,9,0,Very High,7.0,Good,1,32.3667,-95.4
fod_long_range_hourly,1688058508,1688410800,2023-07-03T14:00:00-0500,99,D,94,71,103,94,103,2800,wx1230,28,Monday,M Cloudy,Mostly Cloudy,Mostly Cloudy,Mostly,Cloudy,,15,rain,0.0,0.0,48,8,170,S,,70,10.0,29.89,8.83,9,0,Very High,7.0,Good,1,32.3667,-95.4
fod_long_range_hourly,1688058508,1688414400,2023-07-03T15:00:00-0500,100,D,94,71,103,94,103,2800,wx1230,28,Monday,M Cloudy,Mostly Cloudy,Mostly Cloudy,Mostly,Cloudy,,18,rain,0.0,0.0,49,7,180,S,,74,10.0,29.87,7.5,8,0,Very High,7.0,Good,1,32.3667,-95.4
fod_long_range_hourly,1688058508,1688418000,2023-07-03T16:00:00-0500,101,D,93,72,102,93,102,2800,wx1230,28,Monday,M Cloudy,Mostly Cloudy,Mostly Cloudy,Mostly,Cloudy,,24,rain,0.0,0.0,50,6,177,S,,77,10.0,29.86,4.36,4,0,Moderate,7.0,Good,1,32.3667,-95.4
fod_long_range_hourly,1688058508,1688421600,2023-07-03T17:00:00-0500,102,D,92,71,100,92,100,3700,wx2030,37,Monday,Iso T-Storms,Isolated Thunderstorms,Isolated Thunderstorms,Isolated,T-Storms,,31,rain,0.02,0.0,50,6,171,S,,72,9.0,29.85,3.31,3,0,Moderate,7.0,Good,2,32.3667,-95.4
fod_long_range_hourly,1688058508,1688425200,2023-07-03T18:00:00-0500,103,D,90,71,97,90,97,3700,wx2030,37,Monday,Iso T-Storms,Isolated Thunderstorms,Isolated Thunderstorms,Isolated,T-Storms,,31,rain,0.01,0.0,55,7,172,S,,72,9.0,29.85,1.56,2,0,Low,7.0,Good,2,32.3667,-95.4
fod_long_range_hourly,1688058508,1688428800,2023-07-03T19:00:00-0500,104,D,87,71,94,87,94,2800,wx1230,28,Monday,M Cloudy,Mostly Cloudy,Mostly Cloudy,Mostly,Cloudy,,17,rain,0.0,0.0,58,7,157,SSE,,72,9.0,29.85,0.46,0,0,Low,8.0,Very Good,1,32.3667,-95.4
fod_long_range_hourly,1688058508,1688432400,2023-07-03T20:00:00-0500,105,D,86,72,92,86,92,2800,wx1230,28,Monday,M Cloudy,Mostly Cloudy,Mostly Cloudy,Mostly,Cloudy,,16,rain,0.0,0.0,64,5,153,SSE,,69,10.0,29.86,0.07,0,0,Low,8.0,Very Good,1,32.3667,-95.4
fod_long_range_hourly,1688058508,1688436000,2023-07-03T21:00:00-0500,106,N,83,72,89,83,89,2700,wx1200,27,Monday,M Cloudy,Mostly Cloudy,Mostly Cloudy,Mostly,Cloudy,,11,rain,0.0,0.0,69,4,128,SE,,65,10.0,29.87,0.0,0,0,Low,,,1,32.3667,-95.4
fod_long_range_hourly,1688058508,1688439600,2023-07-03T22:00:00-0500,107,N,82,72,88,82,88,2700,wx1200,27,Monday,M Cloudy,Mostly Cloudy,Mostly Cloudy,Mostly,Cloudy,,5,rain,0.0,0.0,71,5,135,SE,,62,10.0,29.88,0.0,0,0,Low,,,1,32.3667,-95.4
fod_long_range_hourly,1688058508,1688443200,2023-07-03T23:00:00-0500,108,N,82,72,88,82,88,2700,wx1200,27,Monday,M Cloudy,Mostly Cloudy,Mostly Cloudy,Mostly,Cloudy,,6,rain,0.0,0.0,73,5,139,SE,,60,10.0,29.89,0.0,0,0,Low,,,1,32.3667,-95.4
fod_long_range_hourly,1688058508,1688446800,2023-07-04T00:00:00-0500,109,N,81,72,86,81,86,2900,wx1600,29,Tuesday,P Cloudy,Partly Cloudy,Partly Cloudy,Partly,Cloudy,,7,rain,0.0,0.0,75,5,147,SE,,55,10.0,29.9,0.0,0,0,Low,,,1,32.3667,-95.4
fod_long_range_hourly,1688058508,1688450400,2023-07-04T01:00:00-0500,110,N,80,72,85,80,85,2900,wx1600,29,Tuesday,P Cloudy,Partly Cloudy,Partly Cloudy,Partly,Cloudy,,21,rain,0.0,0.0,77,5,155,SSE,,53,10.0,29.91,0.0,0,0,Low,,,1,32.3667,-95.4
fod_long_range_hourly,1688058508,1688454000,2023-07-04T02:00:00-0500,111,N,80,72,85,80,85,2900,wx1600,29,Tuesday,P Cloudy,Partly Cloudy,Partly Cloudy,Partly,Cloudy,,24,rain,0.0,0.0,78,5,165,SSE,,52,10.0,29.91,0.0,0,0,Low,,,1,32.3667,-95.4
fod_long_range_hourly,1688058508,1688457600,2023-07-04T03:00:00-0500,112,N,79,72,84,79,84,2900,wx1600,29,Tuesday,P Cloudy,Partly Cloudy,Partly Cloudy,Partly,Cloudy,,24,rain,0.0,0.0,80,6,173,S,,51,10.0,29.91,0.0,0,0,Low,,,1,32.3667,-95.4
fod_long_range_hourly,1688058508,1688461200,2023-07-04T04:00:00-0500,113,N,79,73,84,79,84,2900,wx1600,29,Tuesday,P Cloudy,Partly Cloudy,Partly Cloudy,Partly,Cloudy,,24,rain,0.0,0.0,81,7,175,S,,50,10.0,29.92,0.0,0,0,Low,,,1,32.3667,-95.4
fod_long_range_hourly,1688058508,1688464800,2023-07-04T05:00:00-0500,114,N,79,72,84,79,84,2900,wx1600,29,Tuesday,P Cloudy,Partly Cloudy,Partly Cloudy,Partly,Cloudy,,22,rain,0.0,0.0,81,7,175,S,,48,9.0,29.93,0.0,0,0,Low,,,1,32.3667,-95.4
fod_long_range_hourly,1688058508,1688468400,2023-07-04T06:00:00-0500,115,N,78,72,83,78,83,2900,wx1600,29,Tuesday,P Cloudy,Partly Cloudy,Partly Cloudy,Partly,Cloudy,,23,rain,0.0,0.0,82,6,182,S,,46,9.0,29.93,0.0,0,0,Low,,,1,32.3667,-95.4
fod_long_range_hourly,1688058508,1688472000,2023-07-04T07:00:00-0500,116,D,78,73,83,78,83,3000,wx1100,30,Tuesday,P Cloudy,Partly Cloudy,Partly Cloudy,Partly,Cloudy,,19,rain,0.0,0.0,84,6,180,S,,44,9.0,29.94,0.11,0,0,Low,9.0,Very Good,1,32.3667,-95.4
fod_long_range_hourly,1688058508,1688475600,2023-07-04T08:00:00-0500,117,D,80,73,86,80,86,3000,wx1130,30,Tuesday,P Cloudy,Partly Cloudy,Partly Cloudy,Partly,Cloudy,,18,rain,0.0,0.0,80,8,182,S,,47,10.0,29.96,0.72,1,0,Low,9.0,Very Good,1,32.3667,-95.4
fod_long_range_hourly,1688058508,1688479200,2023-07-04T09:00:00-0500,118,D,82,74,90,82,90,3000,wx1130,30,Tuesday,P Cloudy,Partly Cloudy,Partly Cloudy,Partly,Cloudy,,17,rain,0.0,0.0,76,9,195,SSW,,53,10.0,29.97,2.04,2,0,Low,9.0,Very Good,1,32.3667,-95.4
fod_long_range_hourly,1688058508,1688482800,2023-07-04T10:00:00-0500,119,D,85,74,93,85,93,3000,wx1130,30,Tuesday,P Cloudy,Partly Cloudy,Partly Cloudy,Partly,Cloudy,,24,rain,0.0,0.0,71,9,195,SSW,,56,10.0,29.98,4.14,4,0,Moderate,9.0,Very Good,1,32.3667,-95.4
fod_long_range_hourly,1688058508,1688486400,2023-07-04T11:00:00-0500,120,D,86,74,95,86,95,2800,wx1230,28,Tuesday,M Cloudy,Mostly Cloudy,Mostly Cloudy,Mostly,Cloudy,,23,rain,0.0,0.0,66,9,193,SSW,,66,10.0,29.98,5.76,6,0,High,8.0,Very Good,1,32.3667,-95.4
fod_long_range_hourly,1688058508,1688490000,2023-07-04T12:00:00-0500,121,D,88,73,97,88,97,2800,wx1230,28,Tuesday,M Cloudy,Mostly Cloudy,Mostly Cloudy,Mostly,Cloudy,,22,rain,0.0,0.0,62,9,197,SSW,,65,10.0,29.97,7.75,8,0,Very High,8.0,Very Good,1,32.3667,-95.4
fod_long_range_hourly,1688058508,1688493600,2023-07-04T13:00:00-0500,122,D,90,73,100,90,100,2800,wx1230,28,Tuesday,M Cloudy,Mostly Cloudy,Mostly Cloudy,Mostly,Cloudy,,16,rain,0.0,0.0,57,8,191,S,,66,10.0,29.96,8.92,9,0,Very High,8.0,Very Good,1,32.3667,-95.4
fod_long_range_hourly,1688058508,1688497200,2023-07-04T14:00:00-0500,123,D,91,72,101,91,101,2800,wx1230,28,Tuesday,M Cloudy,Mostly Cloudy,Mostly Cloudy,Mostly,Cloudy,,17,rain,0.0,0.0,54,9,174,S,,66,10.0,29.94,8.83,9,0,Very High,8.0,Very Good,1,32.3667,-95.4
fod_long_range_hourly,1688058508,1688500800,2023-07-04T15:00:00-0500,124,D,91,72,101,91,101,2800,wx1230,28,Tuesday,M Cloudy,Mostly Cloudy,Mostly Cloudy,Mostly,Cloudy,,18,rain,0.0,0.0,54,8,178,S,,67,10.0,29.92,7.5,8,0,Very High,8.0,Very Good,1,32.3667,-95.4
fod_long_range_hourly,1688058508,1688504400,2023-07-04T16:00:00-0500,125,D,92,72,101,92,101,2800,wx1230,28,Tuesday,M Cloudy,Mostly Cloudy,Mostly Cloudy,Mostly,Cloudy,,15,rain,0.0,0.0,53,7,173,S,,67,10.0,29.9,5.45,5,0,Moderate,8.0,Very Good,1,32.3667,-95.4
fod_long_range_hourly,1688058508,1688508000,2023-07-04T17:00:00-0500,126,D,91,71,100,91,100,2800,wx1230,28,Tuesday,M Cloudy,Mostly Cloudy,Mostly Cloudy,Mostly,Cloudy,,15,rain,0.0,0.0,52,8,171,S,,68,10.0,29.89,3.31,3,0,Moderate,8.0,Very Good,1,32.3667,-95.4
fod_long_range_hourly,1688058508,1688511600,2023-07-04T18:00:00-0500,127,D,90,71,98,90,98,3000,wx1130,30,Tuesday,P Cloudy,Partly Cloudy,Partly Cloudy,Partly,Cloudy,,1,rain,0.0,0.0,54,8,162,SSE,,59,10.0,29.88,1.8,2,0,Low,8.0,Very Good,1,32.3667,-95.4
fod_long_range_hourly,1688058508,1688515200,2023-07-04T19:00:00-0500,128,D,89,71,97,89,97,3000,wx1130,30,Tuesday,P Cloudy,Partly Cloudy,Partly Cloudy,Partly,Cloudy,,15,rain,0.0,0.0,55,8,147,SE,,58,10.0,29.88,0.53,1,0,Low,8.0,Very Good,1,32.3667,-95.4
fod_long_range_hourly,1688058508,1688518800,2023-07-04T20:00:00-0500,129,D,88,72,95,88,95,2800,wx1230,28,Tuesday,M Cloudy,Mostly Cloudy,Mostly Cloudy,Mostly,Cloudy,,14,rain,0.0,0.0,59,6,157,SSE,,67,10.0,29.88,0.07,0,0,Low,8.0,Very Good,1,32.3667,-95.4
fod_long_range_hourly,1688058508,1688522400,2023-07-04T21:00:00-0500,130,N,85,72,92,85,92,2700,wx1200,27,Tuesday,M Cloudy,Mostly Cloudy,Mostly Cloudy,Mostly,Cloudy,,16,rain,0.0,0.0,65,5,145,SE,,68,10.0,29.89,0.0,0,0,Low,,,1,32.3667,-95.4
fod_long_range_hourly,1688058508,1688526000,2023-07-04T22:00:00-0500,131,N,84,72,90,84,90,2700,wx1200,27,Tuesday,M Cloudy,Mostly Cloudy,Mostly Cloudy,Mostly,Cloudy,,14,rain,0.0,0.0,68,6,149,SSE,,67,10.0,29.9,0.0,0,0,Low,,,1,32.3667,-95.4
fod_long_range_hourly,1688058508,1688529600,2023-07-04T23:00:00-0500,132,N,82,73,89,82,89,2700,wx1200,27,Tuesday,M Cloudy,Mostly Cloudy,Mostly Cloudy,Mostly,Cloudy,,16,rain,0.0,0.0,72,6,149,SSE,,63,10.0,29.92,0.0,0,0,Low,,,1,32.3667,-95.4
fod_long_range_hourly,1688058508,1688533200,2023-07-05T00:00:00-0500,133,N,81,73,87,81,87,2900,wx1600,29,Wednesday,P Cloudy,Partly Cloudy,Partly Cloudy,Partly,Cloudy,,18,rain,0.0,0.0,75,7,156,SSE,,56,10.0,29.93,0.0,0,0,Low,,,1,32.3667,-95.4
fod_long_range_hourly,1688058508,1688536800,2023-07-05T01:00:00-0500,134,N,80,73,86,80,86,2900,wx1600,29,Wednesday,P Cloudy,Partly Cloudy,Partly Cloudy,Partly,Cloudy,,14,rain,0.0,0.0,78,7,162,SSE,,51,10.0,29.94,0.0,0,0,Low,,,1,32.3667,-95.4
fod_long_range_hourly,1688058508,1688540400,2023-07-05T02:00:00-0500,135,N,80,72,85,80,85,2900,wx1600,29,Wednesday,P Cloudy,Partly Cloudy,Partly Cloudy,Partly,Cloudy,,15,rain,0.0,0.0,79,6,170,S,,46,10.0,29.94,0.0,0,0,Low,,,1,32.3667,-95.4
fod_long_range_hourly,1688058508,1688544000,2023-07-05T03:00:00-0500,136,N,79,72,84,79,84,2900,wx1600,29,Wednesday,P Cloudy,Partly Cloudy,Partly Cloudy,Partly,Cloudy,,15,rain,0.0,0.0,80,6,174,S,,37,10.0,29.94,0.0,0,0,Low,,,1,32.3667,-95.4
fod_long_range_hourly,1688058508,1688547600,2023-07-05T04:00:00-0500,137,N,79,73,84,79,84,2900,wx1600,29,Wednesday,P Cloudy,Partly Cloudy,Partly Cloudy,Partly,Cloudy,,10,rain,0.0,0.0,81,7,173,S,,32,9.0,29.94,0.0,0,0,Low,,,1,32.3667,-95.4
fod_long_range_hourly,1688058508,1688551200,2023-07-05T05:00:00-0500,138,N,78,72,84,78,84,2900,wx1600,29,Wednesday,P Cloudy,Partly Cloudy,Partly Cloudy,Partly,Cloudy,,11,rain,0.0,0.0,81,7,172,S,,31,9.0,29.95,0.0,0,0,Low,,,1,32.3667,-95.4
fod_long_range_hourly,1688058508,1688554800,2023-07-05T06:00:00-0500,139,N,78,73,84,78,84,2900,wx1600,29,Wednesday,P Cloudy,Partly Cloudy,Partly Cloudy,Partly,Cloudy,,11,rain,0.0,0.0,83,6,178,S,,31,9.0,29.96,0.0,0,0,Low,,,1,32.3667,-95.4
fod_long_range_hourly,1688058508,1688558400,2023-07-05T07:00:00-0500,140,D,78,73,84,78,84,3000,wx1100,30,Wednesday,P Cloudy,Partly Cloudy,Partly Cloudy,Partly,Cloudy,,6,rain,0.0,0.0,85,6,176,S,,32,9.0,29.96,0.11,0,0,Low,9.0,Very Good,1,32.3667,-95.4
fod_long_range_hourly,1688058508,1688562000,2023-07-05T08:00:00-0500,141,D,80,74,87,80,87,3000,wx1130,30,Wednesday,P Cloudy,Partly Cloudy,Partly Cloudy,Partly,Cloudy,,5,rain,0.0,0.0,81,8,180,S,,33,10.0,29.97,0.71,1,0,Low,9.0,Very Good,1,32.3667,-95.4
fod_long_range_hourly,1688058508,1688565600,2023-07-05T09:00:00-0500,142,D,83,74,90,83,90,3000,wx1130,30,Wednesday,P Cloudy,Partly Cloudy,Partly Cloudy,Partly,Cloudy,,3,rain,0.0,0.0,76,8,194,SSW,,33,10.0,29.97,2.21,2,0,Low,9.0,Very Good,1,32.3667,-95.4
fod_long_range_hourly,1688058508,1688569200,2023-07-05T10:00:00-0500,143,D,85,74,94,85,94,3000,wx1130,30,Wednesday,P Cloudy,Partly Cloudy,Partly Cloudy,Partly,Cloudy,,7,rain,0.0,0.0,69,9,191,S,,32,10.0,29.97,4.48,4,0,Moderate,8.0,Very Good,1,32.3667,-95.4
fod_long_range_hourly,1688058508,1688572800,2023-07-05T11:00:00-0500,144,D,88,74,97,88,97,3000,wx1130,30,Wednesday,P Cloudy,Partly Cloudy,Partly Cloudy,Partly,Cloudy,,5,rain,0.0,0.0,63,9,188,S,,31,10.0,29.97,7.18,7,0,High,8.0,Very Good,1,32.3667,-95.4
fod_long_range_hourly,1688058508,1688576400,2023-07-05T12:00:00-0500,145,D,90,73,99,90,99,3000,wx1130,30,Wednesday,P Cloudy,Partly Cloudy,Partly Cloudy,Partly,Cloudy,,15,rain,0.0,0.0,58,9,193,SSW,,43,10.0,29.96,9.67,10,0,Very High,8.0,Very Good,1,32.3667,-95.4
fod_long_range_hourly,1688058508,1688580000,2023-07-05T13:00:00-0500,146,D,92,73,102,92,102,3000,wx1130,30,Wednesday,P Cloudy,Partly Cloudy,Partly Cloudy,Partly,Cloudy,,15,rain,0.0,0.0,54,8,189,S,,42,10.0,29.94,11.14,11,1,Extreme,8.0,Very Good,1,32.3667,-95.4
fod_long_range_hourly,1688058508,1688583600,2023-07-05T14:00:00-0500,147,D,93,73,103,93,103,3000,wx1130,30,Wednesday,P Cloudy,Partly Cloudy,Partly Cloudy,Partly,Cloudy,,16,rain,0.0,0.0,52,9,171,S,,46,10.0,29.93,11.03,11,1,Extreme,8.0,Very Good,1,32.3667,-95.4
fod_long_range_hourly,1688058508,1688587200,2023-07-05T15:00:00-0500,148,D,93,72,102,93,102,3000,wx1130,30,Wednesday,P Cloudy,Partly Cloudy,Partly Cloudy,Partly,Cloudy,,20,rain,0.0,0.0,52,9,175,S,,54,10.0,29.9,8.63,9,0,Very High,8.0,Very Good,1,32.3667,-95.4
fod_long_range_hourly,1688058508,1688590800,2023-07-05T16:00:00-0500,149,D,92,72,101,92,101,3000,wx1130,30,Wednesday,P Cloudy,Partly Cloudy,Partly Cloudy,Partly,Cloudy,,23,rain,0.0,0.0,53,8,167,SSE,,58,10.0,29.88,6.27,6,0,High,8.0,Very Good,1,32.3667,-95.4
fod_long_range_hourly,1688058508,1688594400,2023-07-05T17:00:00-0500,150,D,92,71,100,92,100,3000,wx1130,30,Wednesday,P Cloudy,Partly Cloudy,Partly Cloudy,Partly,Cloudy,,24,rain,0.0,0.0,51,9,166,SSE,,59,10.0,29.87,3.81,4,0,Moderate,8.0,Very Good,1,32.3667,-95.4
fod_long_range_hourly,1688058508,1688598000,2023-07-05T18:00:00-0500,151,D,90,71,98,90,98,3000,wx1130,30,Wednesday,P Cloudy,Partly Cloudy,Partly Cloudy,Partly,Cloudy,,24,rain,0.0,0.0,54,9,163,SSE,,48,10.0,29.85,1.95,2,0,Low,8.0,Very Good,1,32.3667,-95.4
fod_long_range_hourly,1688058508,1688601600,2023-07-05T19:00:00-0500,152,D,88,71,95,88,95,3000,wx1130,30,Wednesday,P Cloudy,Partly Cloudy,Partly Cloudy,Partly,Cloudy,,20,rain,0.0,0.0,57,9,145,SE,,47,10.0,29.85,0.58,1,0,Low,8.0,Very Good,1,32.3667,-95.4
fod_long_range_hourly,1688058508,1688605200,2023-07-05T20:00:00-0500,153,D,87,72,95,87,95,3000,wx1130,30,Wednesday,P Cloudy,Partly Cloudy,Partly Cloudy,Partly,Cloudy,,18,rain,0.0,0.0,60,7,149,SSE,,45,10.0,29.85,0.09,0,0,Low,8.0,Very Good,1,32.3667,-95.4
fod_long_range_hourly,1688058508,1688608800,2023-07-05T21:00:00-0500,154,N,85,73,92,85,92,2900,wx1600,29,Wednesday,P Cloudy,Partly Cloudy,Partly Cloudy,Partly,Cloudy,,16,rain,0.0,0.0,68,6,138,SE,,41,10.0,29.87,0.0,0,0,Low,,,1,32.3667,-95.4
fod_long_range_hourly,1688058508,1688612400,2023-07-05T22:00:00-0500,155,N,82,73,89,82,89,2900,wx1600,29,Wednesday,P Cloudy,Partly Cloudy,Partly Cloudy,Partly,Cloudy,,21,rain,0.0,0.0,74,6,138,SE,,37,10.0,29.88,0.0,0,0,Low,,,1,32.3667,-95.4
fod_long_range_hourly,1688058508,1688616000,2023-07-05T23:00:00-0500,156,N,81,74,88,81,88,2900,wx1600,29,Wednesday,P Cloudy,Partly Cloudy,Partly Cloudy,Partly,Cloudy,,22,rain,0.0,0.0,78,7,148,SSE,,34,10.0,29.89,0.0,0,0,Low,,,1,32.3667,-95.4
fod_long_range_hourly,1688058508,1688619600,2023-07-06T00:00:00-0500,157,N,80,74,87,80,87,2900,wx1600,29,Thursday,P Cloudy,Partly Cloudy,Partly Cloudy,Partly,Cloudy,,24,rain,0.0,0.0,82,7,155,SSE,,32,10.0,29.89,0.0,0,0,Low,,,1,32.3667,-95.4
fod_long_range_hourly,1688058508,1688623200,2023-07-06T01:00:00-0500,158,N,80,74,86,80,86,3709,wx2030,47,Thursday,Iso T-Storms,Isolated Thunderstorms,Isolated Thunderstorms,Isolated,T-Storms,,34,rain,0.01,0.0,84,7,165,SSE,,35,9.0,29.9,0.0,0,0,Low,,,2,32.3667,-95.4
fod_long_range_hourly,1688058508,1688626800,2023-07-06T02:00:00-0500,159,N,79,74,85,79,85,3809,wx2030,47,Thursday,Sct T-Storms,Sct Thunderstorms,Scattered Thunderstorms,Scattered,T-Storms,,35,rain,0.01,0.0,85,6,170,S,,50,9.0,29.9,0.0,0,0,Low,,,2,32.3667,-95.4
fod_long_range_hourly,1688058508,1688630400,2023-07-06T03:00:00-0500,160,N,78,74,84,78,84,3809,wx2000,47,Thursday,Sct T-Storms,Sct Thunderstorms,Scattered Thunderstorms,Scattered,T-Storms,,35,rain,0.01,0.0,86,6,176,S,,50,9.0,29.9,0.0,0,0,Low,,,2,32.3667,-95.4
fod_long_range_hourly,1688058508,1688634000,2023-07-06T04:00:00-0500,161,N,78,74,84,78,84,3300,wx1500,33,Thursday,M Clear,Mostly Clear,Mostly Clear,Mostly,Clear,,23,rain,0.0,0.0,87,7,175,S,,25,9.0,29.9,0.0,0,0,Low,,,1,32.3667,-95.4
fod_long_range_hourly,1688058508,1688637600,2023-07-06T05:00:00-0500,162,N,78,74,83,78,83,3300,wx1500,33,Thursday,M Clear,Mostly Clear,Mostly Clear,Mostly,Clear,,23,rain,0.0,0.0,87,7,170,S,,22,8.0,29.9,0.0,0,0,Low,,,1,32.3667,-95.4
fod_long_range_hourly,1688058508,1688641200,2023-07-06T06:00:00-0500,163,N,78,74,83,78,83,3300,wx1500,33,Thursday,M Clear,Mostly Clear,Mostly Clear,Mostly,Clear,,24,rain,0.0,0.0,88,6,180,S,,20,8.0,29.9,0.0,0,0,Low,,,1,32.3667,-95.4
fod_long_range_hourly,1688058508,1688644800,2023-07-06T07:00:00-0500,164,D,78,74,83,78,83,3200,wx1000,32,Thursday,Sunny,Sunny,Sunny,Sunny,,,24,rain,0.0,0.0,89,6,178,S,,18,8.0,29.9,0.1,0,0,Low,9.0,Very Good,1,32.3667,-95.4
fod_long_range_hourly,1688058508,1688648400,2023-07-06T08:00:00-0500,165,D,80,75,86,80,86,3200,wx1030,32,Thursday,Sunny,Sunny,Sunny,Sunny,,,24,rain,0.0,0.0,85,7,182,S,,19,10.0,29.9,0.71,1,0,Low,9.0,Very Good,1,32.3667,-95.4
fod_long_range_hourly,1688058508,1688652000,2023-07-06T09:00:00-0500,166,D,82,75,90,82,90,3400,wx1030,34,Thursday,M Sunny,Mostly Sunny,Mostly Sunny,Mostly,Sunny,,22,rain,0.0,0.0,80,8,197,SSW,,22,10.0,29.91,2.19,2,0,Low,9.0,Very Good,1,32.3667,-95.4
fod_long_range_hourly,1688058508,1688655600,2023-07-06T10:00:00-0500,167,D,84,75,93,84,93,3400,wx1030,34,Thursday,M Sunny,Mostly Sunny,Mostly Sunny,Mostly,Sunny,,21,rain,0.0,0.0,74,8,197,SSW,,25,10.0,29.91,4.47,4,0,Moderate,9.0,Very Good,1,32.3667,-95.4
fod_long_range_hourly,1688058508,1688659200,2023-07-06T11:00:00-0500,168,D,87,75,96,87,96,3000,wx1130,30,Thursday,P Cloudy,Partly Cloudy,Partly Cloudy,Partly,Cloudy,,21,rain,0.0,0.0,68,8,195,SSW,,30,10.0,29.91,7.17,7,0,High,8.0,Very Good,1,32.3667,-95.4
fod_long_range_hourly,1688058508,1688662800,2023-07-06T12:00:00-0500,169,D,89,75,99,89,99,3000,wx1130,30,Thursday,P Cloudy,Partly Cloudy,Partly Cloudy,Partly,Cloudy,,22,rain,0.0,0.0,63,9,199,SSW,,37,10.0,29.9,9.66,10,0,Very High,8.0,Very Good,1,32.3667,-95.4
fod_long_range_hourly,1688058508,1688666400,2023-07-06T13:00:00-0500,170,D,91,75,102,91,102,3700,wx2030,37,Thursday,Iso T-Storms,Isolated Thunderstorms,Isolated Thunderstorms,Isolated,T-Storms,,34,rain,0.01,0.0,59,8,195,SSW,,42,9.0,29.89,11.13,11,1,Extreme,7.0,Good,2,32.3667,-95.4
fod_long_range_hourly,1688058508,1688670000,2023-07-06T14:00:00-0500,171,D,92,75,103,92,103,3700,wx2030,37,Thursday,Iso T-Storms,Isolated Thunderstorms,Isolated Thunderstorms,Isolated,T-Storms,,34,rain,0.01,0.0,57,9,175,S,,45,9.0,29.87,11.02,11,1,Extreme,7.0,Good,2,32.3667,-95.4
fod_long_range_hourly,1688058508,1688673600,2023-07-06T15:00:00-0500,172,D,92,75,103,92,103,3700,wx2030,37,Thursday,Iso T-Storms,Isolated Thunderstorms,Isolated Thunderstorms,Isolated,T-Storms,,34,rain,0.01,0.0,57,8,180,S,,48,9.0,29.85,9.38,9,0,Very High,7.0,Good,2,32.3667,-95.4
fod_long_range_hourly,1688058508,1688677200,2023-07-06T16:00:00-0500,173,D,92,75,103,92,103,3800,wx2030,38,Thursday,Sct T-Storms,Sct Thunderstorms,Scattered Thunderstorms,Scattered,T-Storms,,38,rain,0.01,0.0,57,8,170,S,,52,9.0,29.83,6.27,6,0,High,4.0,Fair,2,32.3667,-95.4
fod_long_range_hourly,1688058508,1688680800,2023-07-06T17:00:00-0500,174,D,91,74,101,91,101,3800,wx2030,38,Thursday,Sct T-Storms,Sct Thunderstorms,Scattered Thunderstorms,Scattered,T-Storms,,37,rain,0.01,0.0,58,9,161,SSE,,56,9.0,29.81,3.81,4,0,Moderate,4.0,Fair,2,32.3667,-95.4
fod_long_range_hourly,1688058508,1688684400,2023-07-06T18:00:00-0500,175,D,90,74,100,90,100,3800,wx2030,38,Thursday,Sct T-Storms,Sct Thunderstorms,Scattered Thunderstorms,Scattered,T-Storms,,36,rain,0.01,0.0,60,10,151,SSE,,60,9.0,29.8,1.8,2,0,Low,4.0,Fair,2,32.3667,-95.4
fod_long_range_hourly,1688058508,1688688000,2023-07-06T19:00:00-0500,176,D,88,74,97,88,97,3800,wx2030,38,Thursday,Sct T-Storms,Sct Thunderstorms,Scattered Thunderstorms,Scattered,T-Storms,,37,rain,0.01,0.0,63,10,126,SE,,62,9.0,29.8,0.53,1,0,Low,4.0,Fair,2,32.3667,-95.4
fod_long_range_hourly,1688058508,1688691600,2023-07-06T20:00:00-0500,177,D,86,75,95,86,95,3800,wx2030,38,Thursday,Sct T-Storms,Sct Thunderstorms,Scattered Thunderstorms,Scattered,T-Storms,,35,rain,0.01,0.0,68,8,135,SE,,59,9.0,29.81,0.08,0,0,Low,4.0,Fair,2,32.3667,-95.4
fod_long_range_hourly,1688058508,1688695200,2023-07-06T21:00:00-0500,178,N,82,75,90,82,90,3709,wx2030,47,Thursday,Iso T-Storms,Isolated Thunderstorms,Isolated Thunderstorms,Isolated,T-Storms,,34,rain,0.01,0.0,77,6,125,SE,,56,9.0,29.82,0.0,0,0,Low,,,2,32.3667,-95.4
fod_long_range_hourly,1688058508,1688698800,2023-07-06T22:00:00-0500,179,N,82,75,89,82,89,3709,wx2030,47,Thursday,Iso T-Storms,Isolated Thunderstorms,Isolated Thunderstorms,Isolated,T-Storms,,32,rain,0.01,0.0,80,6,131,SE,,53,9.0,29.83,0.0,0,0,Low,,,2,32.3667,-95.4
fod_long_range_hourly,1688058508,1688702400,2023-07-06T23:00:00-0500,180,N,80,75,87,80,87,3709,wx2030,47,Thursday,Iso T-Storms,Isolated Thunderstorms,Isolated Thunderstorms,Isolated,T-Storms,,34,rain,0.01,0.0,85,6,141,SE,,50,9.0,29.84,0.0,0,0,Low,,,2,32.3667,-95.4
fod_long_range_hourly,1688058508,1688706000,2023-07-07T00:00:00-0500,181,N,80,75,87,80,87,3809,wx2030,47,Friday,Sct T-Storms,Sct Thunderstorms,Scattered Thunderstorms,Scattered,T-Storms,,37,rain,0.01,0.0,87,7,147,SSE,,50,9.0,29.85,0.0,0,0,Low,,,2,32.3667,-95.4
fod_long_range_hourly,1688058508,1688709600,2023-07-07T01:00:00-0500,182,N,79,75,86,79,86,3809,wx2030,47,Friday,Sct T-Storms,Sct Thunderstorms,Scattered Thunderstorms,Scattered,T-Storms,,41,rain,0.01,0.0,89,6,160,SSE,,50,6.0,29.86,0.0,0,0,Low,,,2,32.3667,-95.4
fod_long_range_hourly,1688058508,1688713200,2023-07-07T02:00:00-0500,183,N,78,75,84,78,84,3809,wx2000,47,Friday,Sct T-Storms,Sct Thunderstorms,Scattered Thunderstorms,Scattered,T-Storms,,43,rain,0.01,0.0,90,6,162,SSE,,50,6.0,29.86,0.0,0,0,Low,,,2,32.3667,-95.4
fod_long_range_hourly,1688058508,1688716800,2023-07-07T03:00:00-0500,184,N,77,75,83,77,83,3809,wx2000,47,Friday,Sct T-Storms,Sct Thunderstorms,Scattered Thunderstorms,Scattered,T-Storms,,44,rain,0.01,0.0,91,6,164,SSE,,50,6.0,29.87,0.0,0,0,Low,,,2,32.3667,-95.4
fod_long_range_hourly,1688058508,1688720400,2023-07-07T04:00:00-0500,185,N,77,75,83,77,83,3809,wx2000,47,Friday,Sct T-Storms,Sct Thunderstorms,Scattered Thunderstorms,Scattered,T-Storms,,41,rain,0.01,0.0,92,6,155,SSE,,50,8.0,29.87,0.0,0,0,Low,,,2,32.3667,-95.4
fod_long_range_hourly,1688058508,1688724000,2023-07-07T05:00:00-0500,186,N,77,74,82,77,82,3809,wx2000,47,Friday,Sct T-Storms,Sct Thunderstorms,Scattered Thunderstorms,Scattered,T-Storms,,43,rain,0.01,0.0,92,6,144,SE,,50,7.0,29.87,0.0,0,0,Low,,,2,32.3667,-95.4
fod_long_range_hourly,1688058508,1688727600,2023-07-07T06:00:00-0500,187,N,77,74,82,77,82,3809,wx2000,47,Friday,Sct T-Storms,Sct Thunderstorms,Scattered Thunderstorms,Scattered,T-Storms,,45,rain,0.01,0.0,92,6,163,SSE,,50,7.0,29.87,0.0,0,0,Low,,,2,32.3667,-95.4
fod_long_range_hourly,1688058508,1688731200,2023-07-07T07:00:00-0500,188,D,77,75,82,77,82,3800,wx2000,38,Friday,Sct T-Storms,Sct Thunderstorms,Scattered Thunderstorms,Scattered,T-Storms,,45,rain,0.01,0.0,94,6,170,S,,50,7.0,29.88,0.1,0,0,Low,6.0,Good,2,32.3667,-95.4
fod_long_range_hourly,1688058508,1688734800,2023-07-07T08:00:00-0500,189,D,79,75,85,79,85,3800,wx2030,38,Friday,Sct T-Storms,Sct Thunderstorms,Scattered Thunderstorms,Scattered,T-Storms,,42,rain,0.01,0.0,89,7,172,S,,50,9.0,29.88,0.7,1,0,Low,5.0,Fair,2,32.3667,-95.4
fod_long_range_hourly,1688058508,1688738400,2023-07-07T09:00:00-0500,190,D,81,76,89,81,89,3800,wx2030,38,Friday,Sct T-Storms,Sct Thunderstorms,Scattered Thunderstorms,Scattered,T-Storms,,38,rain,0.01,0.0,84,8,187,S,,50,9.0,29.89,2.18,2,0,Low,5.0,Fair,2,32.3667,-95.4
fod_long_range_hourly,1688058508,1688742000,2023-07-07T10:00:00-0500,191,D,84,76,92,84,92,3700,wx2030,37,Friday,Iso T-Storms,Isolated Thunderstorms,Isolated Thunderstorms,Isolated,T-Storms,,31,rain,0.0,0.0,77,8,177,S,,46,9.0,29.9,4.45,4,0,Moderate,8.0,Very Good,2,32.3667,-95.4
fod_long_range_hourly,1688058508,1688745600,2023-07-07T11:00:00-0500,192,D,86,75,96,86,96,3000,wx1130,30,Friday,P Cloudy,Partly Cloudy,Partly Cloudy,Partly,Cloudy,,24,rain,0.0,0.0,71,8,182,S,,49,10.0,29.9,7.15,7,0,High,8.0,Very Good,1,32.3667,-95.4
fod_long_range_hourly,1688058508,1688749200,2023-07-07T12:00:00-0500,193,D,87,75,98,87,98,3000,wx1130,30,Friday,P Cloudy,Partly Cloudy,Partly Cloudy,Partly,Cloudy,,24,rain,0.0,0.0,67,9,189,S,,50,10.0,29.89,8.87,9,0,Very High,8.0,Very Good,1,32.3667,-95.4
fod_long_range_hourly,1688058508,1688752800,2023-07-07T13:00:00-0500,194,D,89,75,100,89,100,3800,wx2030,38,Friday,Sct T-Storms,Sct Thunderstorms,Scattered Thunderstorms,Scattered,T-Storms,,53,rain,0.02,0.0,64,8,182,S,,50,6.0,29.89,10.23,10,0,Very High,4.0,Fair,2,32.3667,-95.4
fod_long_range_hourly,1688058508,1688756400,2023-07-07T14:00:00-0500,195,D,90,75,101,90,101,3800,wx2030,38,Friday,Sct T-Storms,Sct Thunderstorms,Scattered Thunderstorms,Scattered,T-Storms,,52,rain,0.02,0.0,63,9,165,SSE,,54,6.0,29.88,10.13,10,0,Very High,4.0,Fair,2,32.3667,-95.4
fod_long_range_hourly,1688058508,1688760000,2023-07-07T15:00:00-0500,196,D,89,75,101,89,101,3800,wx2030,38,Friday,Sct T-Storms,Sct Thunderstorms,Scattered Thunderstorms,Scattered,T-Storms,,51,rain,0.02,0.0,63,9,171,S,,61,6.0,29.87,8.62,9,0,Very High,4.0,Fair,2,32.3667,-95.4
fod_long_range_hourly,1688058508,1688763600,2023-07-07T16:00:00-0500,197,D,89,75,100,89,100,3800,wx2030,38,Friday,Sct T-Storms,Sct Thunderstorms,Scattered Thunderstorms,Scattered,T-Storms,,58,rain,0.02,0.0,63,8,157,SSE,,65,6.0,29.86,5.45,5,0,Moderate,4.0,Fair,2,32.3667,-95.4
fod_long_range_hourly,1688058508,1688767200,2023-07-07T17:00:00-0500,198,D,89,75,99,89,99,3800,wx2030,38,Friday,Sct T-Storms,Sct Thunderstorms,Scattered Thunderstorms,Scattered,T-Storms,,58,rain,0.02,0.0,64,9,153,SSE,,59,6.0,29.84,3.81,4,0,Moderate,4.0,Fair,2,32.3667,-95.4
fod_long_range_hourly,1688058508,1688770800,2023-07-07T18:00:00-0500,199,D,88,75,98,88,98,3800,wx2030,38,Friday,Sct T-Storms,Sct Thunderstorms,Scattered Thunderstorms,Scattered,T-Storms,,57,rain,0.02,0.0,67,9,158,SSE,,50,6.0,29.83,1.8,2,0,Low,4.0,Fair,2,32.3667,-95.4
fod_long_range_hourly,1688058508,1688774400,2023-07-07T19:00:00-0500,200,D,86,75,95,86,95,3800,wx2030,38,Friday,Sct T-Storms,Sct Thunderstorms,Scattered Thunderstorms,Scattered,T-Storms,,37,rain,0.02,0.0,70,9,140,SE,,50,9.0,29.83,0.58,1,0,Low,4.0,Fair,2,32.3667,-95.4
fod_long_range_hourly,1688058508,1688778000,2023-07-07T20:00:00-0500,201,D,84,76,93,84,93,3800,wx2030,38,Friday,Sct T-Storms,Sct Thunderstorms,Scattered Thunderstorms,Scattered,T-Storms,,37,rain,0.02,0.0,76,7,149,SSE,,50,9.0,29.84,0.09,0,0,Low,5.0,Fair,2,32.3667,-95.4
fod_long_range_hourly,1688058508,1688781600,2023-07-07T21:00:00-0500,202,N,82,75,90,82,90,3809,wx2030,47,Friday,Sct T-Storms,Sct Thunderstorms,Scattered Thunderstorms,Scattered,T-Storms,,37,rain,0.02,0.0,81,6,142,SE,,50,9.0,29.85,0.0,0,0,Low,,,2,32.3667,-95.4
fod_long_range_hourly,1688058508,1688785200,2023-07-07T22:00:00-0500,203,N,81,75,88,81,88,3809,wx2030,47,Friday,Sct T-Storms,Sct Thunderstorms,Scattered Thunderstorms,Scattered,T-Storms,,36,rain,0.01,0.0,84,6,144,SE,,50,9.0,29.87,0.0,0,0,Low,,,2,32.3667,-95.4
fod_long_range_hourly,1688058508,1688788800,2023-07-07T23:00:00-0500,204,N,80,76,87,80,87,3809,wx2030,47,Friday,Sct T-Storms,Sct Thunderstorms,Scattered Thunderstorms,Scattered,T-Storms,,36,rain,0.01,0.0,87,6,155,SSE,,50,9.0,29.88,0.0,0,0,Low,,,2,32.3667,-95.4
fod_long_range_hourly,1688058508,1688792400,2023-07-08T00:00:00-0500,205,N,79,76,87,79,87,3809,wx2030,47,Saturday,Sct T-Storms,Sct Thunderstorms,Scattered Thunderstorms,Scattered,T-Storms,,37,rain,0.01,0.0,90,6,141,SE,,50,9.0,29.89,0.0,0,0,Low,,,2,32.3667,-95.4
fod_long_range_hourly,1688058508,1688796000,2023-07-08T01:00:00-0500,206,N,79,76,86,79,86,2900,wx1600,29,Saturday,P Cloudy,Partly Cloudy,Partly Cloudy,Partly,Cloudy,,23,rain,0.0,0.0,91,6,144,SE,,33,8.0,29.89,0.0,0,0,Low,,,1,32.3667,-95.4
fod_long_range_hourly,1688058508,1688799600,2023-07-08T02:00:00-0500,207,N,78,76,85,78,85,2900,wx1600,29,Saturday,P Cloudy,Partly Cloudy,Partly Cloudy,Partly,Cloudy,,24,rain,0.0,0.0,91,6,151,SSE,,33,8.0,29.9,0.0,0,0,Low,,,1,32.3667,-95.4
fod_long_range_hourly,1688058508,1688803200,2023-07-08T03:00:00-0500,208,N,78,75,84,78,84,2900,wx1600,29,Saturday,P Cloudy,Partly Cloudy,Partly Cloudy,Partly,Cloudy,,24,rain,0.0,0.0,93,6,155,SSE,,34,8.0,29.9,0.0,0,0,Low,,,1,32.3667,-95.4
fod_long_range_hourly,1688058508,1688806800,2023-07-08T04:00:00-0500,209,N,78,75,84,78,84,2900,wx1600,29,Saturday,P Cloudy,Partly Cloudy,Partly Cloudy,Partly,Cloudy,,24,rain,0.0,0.0,93,6,150,SSE,,35,7.0,29.9,0.0,0,0,Low,,,1,32.3667,-95.4
fod_long_range_hourly,1688058508,1688810400,2023-07-08T05:00:00-0500,210,N,77,75,83,77,83,2900,wx1600,29,Saturday,P Cloudy,Partly Cloudy,Partly Cloudy,Partly,Cloudy,,24,rain,0.0,0.0,91,6,138,SE,,35,7.0,29.91,0.0,0,0,Low,,,1,32.3667,-95.4
fod_long_range_hourly,1688058508,1688814000,2023-07-08T06:00:00-0500,211,N,77,75,83,77,83,2900,wx1600,29,Saturday,P Cloudy,Partly Cloudy,Partly Cloudy,Partly,Cloudy,,24,rain,0.0,0.0,92,6,158,SSE,,34,7.0,29.91,0.0,0,0,Low,,,1,32.3667,-95.4
fod_long_range_hourly,1688058508,1688817600,2023-07-08T07:00:00-0500,212,D,77,75,83,77,83,3700,wx2000,37,Saturday,Iso T-Storms,Isolated Thunderstorms,Isolated Thunderstorms,Isolated,T-Storms,,30,rain,0.0,0.0,92,6,164,SSE,,35,7.0,29.92,0.1,0,0,Low,8.0,Very Good,2,32.3667,-95.4
fod_long_range_hourly,1688058508,1688821200,2023-07-08T08:00:00-0500,213,D,79,75,86,79,86,3000,wx1130,30,Saturday,P Cloudy,Partly Cloudy,Partly Cloudy,Partly,Cloudy,,24,rain,0.0,0.0,88,6,163,SSE,,31,9.0,29.93,0.69,1,0,Low,9.0,Very Good,1,32.3667,-95.4
fod_long_range_hourly,1688058508,1688824800,2023-07-08T09:00:00-0500,214,D,82,76,90,82,90,3400,wx1030,34,Saturday,M Sunny,Mostly Sunny,Mostly Sunny,Mostly,Sunny,,24,rain,0.0,0.0,81,7,185,S,,29,10.0,29.93,2.17,2,0,Low,9.0,Very Good,1,32.3667,-95.4
fod_long_range_hourly,1688058508,1688828400,2023-07-08T10:00:00-0500,215,D,84,76,94,84,94,3400,wx1030,34,Saturday,M Sunny,Mostly Sunny,Mostly Sunny,Mostly,Sunny,,18,rain,0.0,0.0,75,7,177,S,,29,10.0,29.94,4.44,4,0,Moderate,9.0,Very Good,1,32.3667,-95.4
fod_long_range_hourly,1688058508,1688832000,2023-07-08T11:00:00-0500,216,D,87,75,97,87,97,3000,wx1130,30,Saturday,P Cloudy,Partly Cloudy,Partly Cloudy,Partly,Cloudy,,14,rain,0.0,0.0,68,8,180,S,,36,10.0,29.94,7.13,7,0,High,8.0,Very Good,1,32.3667,-95.4
fod_long_range_hourly,1688058508,1688835600,2023-07-08T12:00:00-0500,217,D,89,75,100,89,100,3000,wx1130,30,Saturday,P Cloudy,Partly Cloudy,Partly Cloudy,Partly,Cloudy,,11,rain,0.0,0.0,63,9,186,S,,45,10.0,29.94,9.63,10,0,Very High,8.0,Very Good,1,32.3667,-95.4
fod_long_range_hourly,1688058508,1688839200,2023-07-08T13:00:00-0500,218,D,91,75,102,91,102,3000,wx1130,30,Saturday,P Cloudy,Partly Cloudy,Partly Cloudy,Partly,Cloudy,,12,rain,0.0,0.0,60,8,184,S,,51,10.0,29.93,10.21,10,0,Very High,8.0,Very Good,1,32.3667,-95.4
fod_long_range_hourly,1688058508,1688842800,2023-07-08T14:00:00-0500,219,D,90,75,101,90,101,3000,wx1130,30,Saturday,P Cloudy,Partly Cloudy,Partly Cloudy,Partly,Cloudy,,13,rain,0.0,0.0,60,9,173,S,,49,10.0,29.92,11.01,11,1,Extreme,8.0,Very Good,1,32.3667,-95.4
fod_long_range_hourly,1688058508,1688846400,2023-07-08T15:00:00-0500,220,D,91,74,102,91,102,3000,wx1130,30,Saturday,P Cloudy,Partly Cloudy,Partly Cloudy,Partly,Cloudy,,14,rain,0.0,0.0,57,8,178,S,,46,10.0,29.91,9.37,9,0,Very High,8.0,Very Good,1,32.3667,-95.4
fod_long_range_hourly,1688058508,1688850000,2023-07-08T16:00:00-0500,221,D,91,74,102,91,102,3000,wx1130,30,Saturday,P Cloudy,Partly Cloudy,Partly Cloudy,Partly,Cloudy,,13,rain,0.0,0.0,57,7,172,S,,44,10.0,29.89,6.81,7,0,High,8.0,Very Good,1,32.3667,-95.4
fod_long_range_hourly,1688058508,1688853600,2023-07-08T17:00:00-0500,222,D,91,74,102,91,102,3000,wx1130,30,Saturday,P Cloudy,Partly Cloudy,Partly Cloudy,Partly,Cloudy,,14,rain,0.0,0.0,56,8,165,SSE,,43,10.0,29.88,4.14,4,0,Moderate,8.0,Very Good,1,32.3667,-95.4
fod_long_range_hourly,1688058508,1688857200,2023-07-08T18:00:00-0500,223,D,91,74,102,91,102,3000,wx1130,30,Saturday,P Cloudy,Partly Cloudy,Partly Cloudy,Partly,Cloudy,,14,rain,0.0,0.0,57,8,161,SSE,,43,10.0,29.86,1.95,2,0,Low,8.0,Very Good,1,32.3667,-95.4
fod_long_range_hourly,1688058508,1688860800,2023-07-08T19:00:00-0500,224,D,90,74,101,90,101,3000,wx1130,30,Saturday,P Cloudy,Partly Cloudy,Partly Cloudy,Partly,Cloudy,,10,rain,0.0,0.0,59,8,137,SE,,42,10.0,29.86,0.57,1,0,Low,8.0,Very Good,1,32.3667,-95.4
fod_long_range_hourly,1688058508,1688864400,2023-07-08T20:00:00-0500,225,D,87,75,96,87,96,3000,wx1130,30,Saturday,P Cloudy,Partly Cloudy,Partly Cloudy,Partly,Cloudy,,10,rain,0.0,0.0,68,7,148,SSE,,51,10.0,29.86,0.08,0,0,Low,8.0,Very Good,1,32.3667,-95.4
fod_long_range_hourly,1688058508,1688868000,2023-07-08T21:00:00-0500,226,N,84,75,93,84,93,2900,wx1600,29,Saturday,P Cloudy,Partly Cloudy,Partly Cloudy,Partly,Cloudy,,11,rain,0.0,0.0,74,6,135,SE,,50,10.0,29.88,0.0,0,0,Low,,,1,32.3667,-95.4
fod_long_range_hourly,1688058508,1688871600,2023-07-08T22:00:00-0500,227,N,83,75,91,83,91,3709,wx2030,47,Saturday,Iso T-Storms,Isolated Thunderstorms,Isolated Thunderstorms,Isolated,T-Storms,,33,rain,0.01,0.0,78,6,137,SE,,48,9.0,29.89,0.0,0,0,Low,,,2,32.3667,-95.4
fod_long_range_hourly,1688058508,1688875200,2023-07-08T23:00:00-0500,228,N,82,76,90,82,90,3709,wx2030,47,Saturday,Iso T-Storms,Isolated Thunderstorms,Isolated Thunderstorms,Isolated,T-Storms,,34,rain,0.01,0.0,81,7,144,SE,,47,9.0,29.9,0.0,0,0,Low,,,2,32.3667,-95.4
fod_long_range_hourly,1688058508,1688878800,2023-07-09T00:00:00-0500,229,N,81,76,89,81,89,3809,wx2030,47,Sunday,Sct T-Storms,Sct Thunderstorms,Scattered Thunderstorms,Scattered,T-Storms,,35,rain,0.01,0.0,84,7,146,SE,,50,9.0,29.92,0.0,0,0,Low,,,2,32.3667,-95.4
fod_long_range_hourly,1688058508,1688882400,2023-07-09T01:00:00-0500,230,N,80,76,87,80,87,3809,wx2030,47,Sunday,Sct T-Storms,Sct Thunderstorms,Scattered Thunderstorms,Scattered,T-Storms,,35,rain,0.0,0.0,86,7,155,SSE,,50,8.0,29.93,0.0,0,0,Low,,,2,32.3667,-95.4
fod_long_range_hourly,1688058508,1688886000,2023-07-09T02:00:00-0500,231,N,79,75,86,79,86,3809,wx2030,47,Sunday,Sct T-Storms,Sct Thunderstorms,Scattered Thunderstorms,Scattered,T-Storms,,36,rain,0.0,0.0,87,6,160,SSE,,50,8.0,29.93,0.0,0,0,Low,,,2,32.3667,-95.4
fod_long_range_hourly,1688058508,1688889600,2023-07-09T03:00:00-0500,232,N,79,75,85,79,85,3809,wx2030,47,Sunday,Sct T-Storms,Sct Thunderstorms,Scattered Thunderstorms,Scattered,T-Storms,,36,rain,0.0,0.0,89,7,167,SSE,,50,7.0,29.93,0.0,0,0,Low,,,2,32.3667,-95.4
fod_long_range_hourly,1688058508,1688893200,2023-07-09T04:00:00-0500,233,N,78,75,85,78,85,2900,wx1600,29,Sunday,P Cloudy,Partly Cloudy,Partly Cloudy,Partly,Cloudy,,24,rain,0.0,0.0,90,7,165,SSE,,42,7.0,29.94,0.0,0,0,Low,,,1,32.3667,-95.4
fod_long_range_hourly,1688058508,1688896800,2023-07-09T05:00:00-0500,234,N,78,75,84,78,84,2900,wx1600,29,Sunday,P Cloudy,Partly Cloudy,Partly Cloudy,Partly,Cloudy,,24,rain,0.0,0.0,89,7,153,SSE,,40,7.0,29.95,0.0,0,0,Low,,,1,32.3667,-95.4
fod_long_range_hourly,1688058508,1688900400,2023-07-09T06:00:00-0500,235,N,78,74,83,78,83,2900,wx1600,29,Sunday,P Cloudy,Partly Cloudy,Partly Cloudy,Partly,Cloudy,,24,rain,0.0,0.0,90,7,169,S,,37,7.0,29.96,0.0,0,0,Low,,,1,32.3667,-95.4
fod_long_range_hourly,1688058508,1688904000,2023-07-09T07:00:00-0500,236,D,78,75,84,78,84,3000,wx1100,30,Sunday,P Cloudy,Partly Cloudy,Partly Cloudy,Partly,Cloudy,,22,rain,0.0,0.0,90,7,173,S,,35,7.0,29.96,0.1,0,0,Low,9.0,Very Good,1,32.3667,-95.4
fod_long_range_hourly,1688058508,1688907600,2023-07-09T08:00:00-0500,237,D,80,75,87,80,87,3000,wx1130,30,Sunday,P Cloudy,Partly Cloudy,Partly Cloudy,Partly,Cloudy,,21,rain,0.0,0.0,86,8,173,S,,32,9.0,29.97,0.68,1,0,Low,9.0,Very Good,1,32.3667,-95.4
fod_long_range_hourly,1688058508,1688911200,2023-07-09T09:00:00-0500,238,D,82,75,90,82,90,3000,wx1130,30,Sunday,P Cloudy,Partly Cloudy,Partly Cloudy,Partly,Cloudy,,18,rain,0.0,0.0,79,9,189,S,,30,10.0,29.98,2.16,2,0,Low,9.0,Very Good,1,32.3667,-95.4
fod_long_range_hourly,1688058508,1688914800,2023-07-09T10:00:00-0500,239,D,85,75,94,85,94,3400,wx1030,34,Sunday,M Sunny,Mostly Sunny,Mostly Sunny,Mostly,Sunny,,15,rain,0.0,0.0,73,9,182,S,,29,10.0,29.98,4.42,4,0,Moderate,9.0,Very Good,1,32.3667,-95.4
fod_long_range_hourly,1688058508,1688918400,2023-07-09T11:00:00-0500,240,D,87,75,97,87,97,3400,wx1030,34,Sunday,M Sunny,Mostly Sunny,Mostly Sunny,Mostly,Sunny,,13,rain,0.0,0.0,66,9,186,S,,27,10.0,29.98,7.11,7,0,High,8.0,Very Good,1,32.3667,-95.4
fod_long_range_hourly,1688058508,1688922000,2023-07-09T12:00:00-0500,241,D,89,74,100,89,100,3400,wx1030,34,Sunday,M Sunny,Mostly Sunny,Mostly Sunny,Mostly,Sunny,,13,rain,0.0,0.0,61,10,191,S,,26,10.0,29.98,9.61,10,0,Very High,8.0,Very Good,1,32.3667,-95.4
fod_long_range_hourly,1688058508,1688925600,2023-07-09T13:00:00-0500,242,D,91,74,102,91,102,3400,wx1030,34,Sunday,M Sunny,Mostly Sunny,Mostly Sunny,Mostly,Sunny,,16,rain,0.0,0.0,57,9,190,S,,26,10.0,29.97,11.09,11,1,Extreme,8.0,Very Good,1,32.3667,-95.4
fod_long_range_hourly,1688058508,1688929200,2023-07-09T14:00:00-0500,243,D,92,74,103,92,103,3400,wx1030,34,Sunday,M Sunny,Mostly Sunny,Mostly Sunny,Mostly,Sunny,,15,rain,0.0,0.0,55,10,178,S,,26,10.0,29.96,11.0,11,1,Extreme,8.0,Very Good,1,32.3667,-95.4
fod_long_range_hourly,1688058508,1688932800,2023-07-09T15:00:00-0500,244,D,93,73,103,93,103,3400,wx1030,34,Sunday,M Sunny,Mostly Sunny,Mostly Sunny,Mostly,Sunny,,14,rain,0.0,0.0,54,9,187,S,,26,10.0,29.94,9.36,9,0,Very High,8.0,Very Good,1,32.3667,-95.4
fod_long_range_hourly,1688058508,1688936400,2023-07-09T16:00:00-0500,245,D,93,73,103,93,103,3400,wx1030,34,Sunday,M Sunny,Mostly Sunny,Mostly Sunny,Mostly,Sunny,,12,rain,0.0,0.0,53,9,176,S,,27,10.0,29.92,6.81,7,0,High,7.0,Good,1,32.3667,-95.4
fod_long_range_hourly,1688058508,1688940000,2023-07-09T17:00:00-0500,246,D,93,73,103,93,103,3000,wx1130,30,Sunday,P Cloudy,Partly Cloudy,Partly Cloudy,Partly,Cloudy,,10,rain,0.0,0.0,52,9,168,SSE,,30,10.0,29.9,4.14,4,0,Moderate,8.0,Very Good,1,32.3667,-95.4
fod_long_range_hourly,1688058508,1688943600,2023-07-09T18:00:00-0500,247,D,92,73,101,92,101,3000,wx1130,30,Sunday,P Cloudy,Partly Cloudy,Partly Cloudy,Partly,Cloudy,,9,rain,0.0,0.0,54,9,166,SSE,,33,10.0,29.89,1.95,2,0,Low,8.0,Very Good,1,32.3667,-95.4
fod_long_range_hourly,1688058508,1688947200,2023-07-09T19:00:00-0500,248,D,90,72,99,90,99,3000,wx1130,30,Sunday,P Cloudy,Partly Cloudy,Partly Cloudy,Partly,Cloudy,,4,rain,0.0,0.0,56,9,145,SE,,35,10.0,29.89,0.57,1,0,Low,8.0,Very Good,1,32.3667,-95.4
fod_long_range_hourly,1688058508,1688950800,2023-07-09T20:00:00-0500,249,D,88,73,97,88,97,3000,wx1130,30,Sunday,P Cloudy,Partly Cloudy,Partly Cloudy,Partly,Cloudy,,4,rain,0.0,0.0,62,7,153,SSE,,36,10.0,29.9,0.09,0,0,Low,8.0,Very Good,1,32.3667,-95.4
fod_long_range_hourly,1688058508,1688954400,2023-07-09T21:00:00-0500,250,N,86,74,94,86,94,2900,wx1600,29,Sunday,P Cloudy,Partly Cloudy,Partly Cloudy,Partly,Cloudy,,4,rain,0.0,0.0,67,6,144,SE,,34,10.0,29.91,0.0,0,0,Low,,,1,32.3667,-95.4
fod_long_range_hourly,1688058508,1688958000,2023-07-09T22:00:00-0500,251,N,84,74,92,84,92,2900,wx1600,29,Sunday,P Cloudy,Partly Cloudy,Partly Cloudy,Partly,Cloudy,,4,rain,0.0,0.0,70,7,146,SE,,32,10.0,29.92,0.0,0,0,Low,,,1,32.3667,-95.4
fod_long_range_hourly,1688058508,1688961600,2023-07-09T23:00:00-0500,252,N,83,74,91,83,91,3300,wx1500,33,Sunday,M Clear,Mostly Clear,Mostly Clear,Mostly,Clear,,4,rain,0.0,0.0,74,7,157,SSE,,29,10.0,29.93,0.0,0,0,Low,,,1,32.3667,-95.4
fod_long_range_hourly,1688058508,1688965200,2023-07-10T00:00:00-0500,253,N,82,75,90,82,90,3300,wx1500,33,Monday,M Clear,Mostly Clear,Mostly Clear,Mostly,Clear,,5,rain,0.0,0.0,77,8,161,SSE,,26,10.0,29.94,0.0,0,0,Low,,,1,32.3667,-95.4
fod_long_range_hourly,1688058508,1688968800,2023-07-10T01:00:00-0500,254,N,81,74,88,81,88,3300,wx1500,33,Monday,M Clear,Mostly Clear,Mostly Clear,Mostly,Clear,,9,rain,0.0,0.0,80,8,169,S,,24,10.0,29.95,0.0,0,0,Low,,,1,32.3667,-95.4
fod_long_range_hourly,1688058508,1688972400,2023-07-10T02:00:00-0500,255,N,80,74,86,80,86,3300,wx1500,33,Monday,M Clear,Mostly Clear,Mostly Clear,Mostly,Clear,,10,rain,0.0,0.0,82,7,172,S,,22,10.0,29.95,0.0,0,0,Low,,,1,32.3667,-95.4
fod_long_range_hourly,1688058508,1688976000,2023-07-10T03:00:00-0500,256,N,79,74,85,79,85,3300,wx1500,33,Monday,M Clear,Mostly Clear,Mostly Clear,Mostly,Clear,,11,rain,0.0,0.0,83,7,172,S,,20,10.0,29.95,0.0,0,0,Low,,,1,32.3667,-95.4
fod_long_range_hourly,1688058508,1688979600,2023-07-10T04:00:00-0500,257,N,78,74,84,78,84,3100,wx1500,31,Monday,Clear,Clear,Clear,Clear,,,12,rain,0.0,0.0,85,8,169,SSE,,19,10.0,29.96,0.0,0,0,Low,,,1,32.3667,-95.4
fod_long_range_hourly,1688058508,1688983200,2023-07-10T05:00:00-0500,258,N,78,73,83,78,83,3300,wx1500,33,Monday,M Clear,Mostly Clear,Mostly Clear,Mostly,Clear,,13,rain,0.0,0.0,86,7,158,SSE,,20,9.0,29.96,0.0,0,0,Low,,,1,32.3667,-95.4
fod_long_range_hourly,1688058508,1688986800,2023-07-10T06:00:00-0500,259,N,77,73,83,77,83,3300,wx1500,33,Monday,M Clear,Mostly Clear,Mostly Clear,Mostly,Clear,,13,rain,0.0,0.0,86,7,171,S,,21,10.0,29.96,0.0,0,0,Low,,,1,32.3667,-95.4
fod_long_range_hourly,1688058508,1688990400,2023-07-10T07:00:00-0500,260,D,78,73,83,78,83,3400,wx1000,34,Monday,M Sunny,Mostly Sunny,Mostly Sunny,Mostly,Sunny,,15,rain,0.0,0.0,87,7,172,S,,22,10.0,29.97,0.1,0,0,Low,9.0,Very Good,1,32.3667,-95.4
fod_long_range_hourly,1688058508,1688994000,2023-07-10T08:00:00-0500,261,D,80,74,86,80,86,3400,wx1030,34,Monday,M Sunny,Mostly Sunny,Mostly Sunny,Mostly,Sunny,,14,rain,0.0,0.0,82,8,172,S,,22,10.0,29.97,0.68,1,0,Low,9.0,Very Good,1,32.3667,-95.4
fod_long_range_hourly,1688058508,1688997600,2023-07-10T09:00:00-0500,262,D,83,74,91,83,91,3400,wx1030,34,Monday,M Sunny,Mostly Sunny,Mostly Sunny,Mostly,Sunny,,12,rain,0.0,0.0,75,8,184,S,,23,10.0,29.97,2.15,2,0,Low,9.0,Very Good,1,32.3667,-95.4
fod_long_range_hourly,1688058508,1689001200,2023-07-10T10:00:00-0500,263,D,86,74,95,86,95,3400,wx1030,34,Monday,M Sunny,Mostly Sunny,Mostly Sunny,Mostly,Sunny,,9,rain,0.0,0.0,69,9,178,S,,23,10.0,29.97,4.41,4,0,Moderate,8.0,Very Good,1,32.3667,-95.4
fod_long_range_hourly,1688058508,1689004800,2023-07-10T11:00:00-0500,264,D,89,74,98,89,98,3400,wx1030,34,Monday,M Sunny,Mostly Sunny,Mostly Sunny,Mostly,Sunny,,8,rain,0.0,0.0,62,9,182,S,,23,10.0,29.97,7.1,7,0,High,8.0,Very Good,1,32.3667,-95.4
fod_long_range_hourly,1688058508,1689008400,2023-07-10T12:00:00-0500,265,D,91,73,100,91,100,3400,wx1030,34,Monday,M Sunny,Mostly Sunny,Mostly Sunny,Mostly,Sunny,,7,rain,0.0,0.0,57,10,188,S,,24,10.0,29.96,9.59,10,0,Very High,8.0,Very Good,1,32.3667,-95.4
fod_long_range_hourly,1688058508,1689012000,2023-07-10T13:00:00-0500,266,D,93,73,103,93,103,3400,wx1030,34,Monday,M Sunny,Mostly Sunny,Mostly Sunny,Mostly,Sunny,,7,rain,0.0,0.0,53,9,186,S,,24,10.0,29.96,11.08,11,1,Extreme,8.0,Very Good,1,32.3667,-95.4
fod_long_range_hourly,1688058508,1689015600,2023-07-10T14:00:00-0500,267,D,93,73,104,93,104,3000,wx1130,30,Monday,P Cloudy,Partly Cloudy,Partly Cloudy,Partly,Cloudy,,8,rain,0.0,0.0,52,10,175,S,,30,10.0,29.94,10.99,11,1,Extreme,7.0,Good,1,32.3667,-95.4
fod_long_range_hourly,1688058508,1689019200,2023-07-10T15:00:00-0500,268,D,93,73,103,93,103,3000,wx1130,30,Monday,P Cloudy,Partly Cloudy,Partly Cloudy,Partly,Cloudy,,10,rain,0.0,0.0,51,10,184,S,,40,10.0,29.93,9.36,9,0,Very High,7.0,Good,1,32.3667,-95.4
fod_long_range_hourly,1688058508,1689022800,2023-07-10T16:00:00-0500,269,D,93,73,104,93,104,3000,wx1130,30,Monday,P Cloudy,Partly Cloudy,Partly Cloudy,Partly,Cloudy,,13,rain,0.0,0.0,51,9,178,S,,47,10.0,29.91,6.8,7,0,High,7.0,Good,1,32.3667,-95.4
fod_long_range_hourly,1688058508,1689026400,2023-07-10T17:00:00-0500,270,D,93,72,103,93,103,3000,wx1130,30,Monday,P Cloudy,Partly Cloudy,Partly Cloudy,Partly,Cloudy,,15,rain,0.0,0.0,49,10,171,S,,47,10.0,29.89,4.13,4,0,Moderate,7.0,Good,1,32.3667,-95.4
fod_long_range_hourly,1688058508,1689030000,2023-07-10T18:00:00-0500,271,D,93,72,102,93,102,3000,wx1130,30,Monday,P Cloudy,Partly Cloudy,Partly Cloudy,Partly,Cloudy,,16,rain,0.0,0.0,51,10,167,SSE,,45,10.0,29.87,1.94,2,0,Low,8.0,Very Good,1,32.3667,-95.4
fod_long_range_hourly,1688058508,1689033600,2023-07-10T19:00:00-0500,272,D,91,72,100,91,100,3000,wx1130,30,Monday,P Cloudy,Partly Cloudy,Partly Cloudy,Partly,Cloudy,,10,rain,0.0,0.0,53,10,149,SSE,,41,10.0,29.87,0.57,1,0,Low,8.0,Very Good,1,32.3667,-95.4
fod_long_range_hourly,1688058508,1689037200,2023-07-10T20:00:00-0500,273,D,89,73,98,89,98,3000,wx1130,30,Monday,P Cloudy,Partly Cloudy,Partly Cloudy,Partly,Cloudy,,9,rain,0.0,0.0,58,8,160,SSE,,35,10.0,29.87,0.09,0,0,Low,8.0,Very Good,1,32.3667,-95.4
fod_long_range_hourly,1688058508,1689040800,2023-07-10T21:00:00-0500,274,N,87,73,95,87,95,3300,wx1500,33,Monday,M Clear,Mostly Clear,Mostly Clear,Mostly,Clear,,8,rain,0.0,0.0,65,7,156,SSE,,28,10.0,29.89,0.0,0,0,Low,,,1,32.3667,-95.4
fod_long_range_hourly,1688058508,1689044400,2023-07-10T22:00:00-0500,275,N,85,73,93,85,93,3300,wx1500,33,Monday,M Clear,Mostly Clear,Mostly Clear,Mostly,Clear,,7,rain,0.0,0.0,69,7,157,SSE,,23,10.0,29.9,0.0,0,0,Low,,,1,32.3667,-95.4
fod_long_range_hourly,1688058508,1689048000,2023-07-10T23:00:00-0500,276,N,84,74,91,84,91,3300,wx1500,33,Monday,M Clear,Mostly Clear,Mostly Clear,Mostly,Clear,,4,rain,0.0,0.0,73,8,163,SSE,,22,10.0,29.9,0.0,0,0,Low,,,1,32.3667,-95.4
fod_long_range_hourly,1688058508,1689051600,2023-07-11T00:00:00-0500,277,N,83,75,90,83,90,3300,wx1500,33,Tuesday,M Clear,Mostly Clear,Mostly Clear,Mostly,Clear,,5,rain,0.0,0.0,77,9,163,SSE,,22,10.0,29.91,0.0,0,0,Low,,,1,32.3667,-95.4
fod_long_range_hourly,1688058508,1689055200,2023-07-11T01:00:00-0500,278,N,82,74,89,82,89,3300,wx1500,33,Tuesday,M Clear,Mostly Clear,Mostly Clear,Mostly,Clear,,3,rain,0.0,0.0,79,9,169,S,,22,10.0,29.92,0.0,0,0,Low,,,1,32.3667,-95.4
fod_long_range_hourly,1688058508,1689058800,2023-07-11T02:00:00-0500,279,N,81,74,87,81,87,3300,wx1500,33,Tuesday,M Clear,Mostly Clear,Mostly Clear,Mostly,Clear,,3,rain,0.0,0.0,80,8,171,S,,22,10.0,29.92,0.0,0,0,Low,,,1,32.3667,-95.4
fod_long_range_hourly,1688058508,1689062400,2023-07-11T03:00:00-0500,280,N,80,74,86,80,86,3300,wx1500,33,Tuesday,M Clear,Mostly Clear,Mostly Clear,Mostly,Clear,,9,rain,0.0,0.0,82,8,175,S,,21,10.0,29.93,0.0,0,0,Low,,,1,32.3667,-95.4
fod_long_range_hourly,1688058508,1689066000,2023-07-11T04:00:00-0500,281,N,79,74,85,79,85,3300,wx1500,33,Tuesday,M Clear,Mostly Clear,Mostly Clear,Mostly,Clear,,10,rain,0.0,0.0,84,9,174,S,,21,10.0,29.93,0.0,0,0,Low,,,1,32.3667,-95.4
fod_long_range_hourly,1688058508,1689069600,2023-07-11T05:00:00-0500,282,N,78,73,84,78,84,3300,wx1500,33,Tuesday,M Clear,Mostly Clear,Mostly Clear,Mostly,Clear,,11,rain,0.0,0.0,84,8,164,SSE,,22,9.0,29.93,0.0,0,0,Low,,,1,32.3667,-95.4
fod_long_range_hourly,1688058508,1689073200,2023-07-11T06:00:00-0500,283,N,78,73,83,78,83,3300,wx1500,33,Tuesday,M Clear,Mostly Clear,Mostly Clear,Mostly,Clear,,12,rain,0.0,0.0,86,7,174,S,,23,8.0,29.94,0.0,0,0,Low,,,1,32.3667,-95.4
fod_long_range_hourly,1688058508,1689076800,2023-07-11T07:00:00-0500,284,D,78,74,84,78,84,3400,wx1000,34,Tuesday,M Sunny,Mostly Sunny,Mostly Sunny,Mostly,Sunny,,17,rain,0.0,0.0,88,7,177,S,,23,8.0,29.94,0.1,0,0,Low,9.0,Very Good,1,32.3667,-95.4
fod_long_range_hourly,1688058508,1689080400,2023-07-11T08:00:00-0500,285,D,80,75,87,80,87,3400,wx1030,34,Tuesday,M Sunny,Mostly Sunny,Mostly Sunny,Mostly,Sunny,,17,rain,0.0,0.0,84,9,178,S,,23,9.0,29.95,0.67,1,0,Low,9.0,Very Good,1,32.3667,-95.4
fod_long_range_hourly,1688058508,1689084000,2023-07-11T09:00:00-0500,286,D,83,75,91,83,91,3400,wx1030,34,Tuesday,M Sunny,Mostly Sunny,Mostly Sunny,Mostly,Sunny,,19,rain,0.0,0.0,77,9,190,S,,23,10.0,29.95,2.13,2,0,Low,9.0,Very Good,1,32.3667,-95.4
fod_long_range_hourly,1688058508,1689087600,2023-07-11T10:00:00-0500,287,D,86,75,95,86,95,3400,wx1030,34,Tuesday,M Sunny,Mostly Sunny,Mostly Sunny,Mostly,Sunny,,16,rain,0.0,0.0,70,9,187,S,,23,10.0,29.95,4.39,4,0,Moderate,8.0,Very Good,1,32.3667,-95.4
fod_long_range_hourly,1688058508,1689091200,2023-07-11T11:00:00-0500,288,D,89,74,99,89,99,3400,wx1030,34,Tuesday,M Sunny,Mostly Sunny,Mostly Sunny,Mostly,Sunny,,14,rain,0.0,0.0,63,10,189,S,,22,10.0,29.95,7.08,7,0,High,8.0,Very Good,1,32.3667,-95.4
fod_long_range_hourly,1688058508,1689094800,2023-07-11T12:00:00-0500,289,D,91,74,101,91,101,3400,wx1030,34,Tuesday,M Sunny,Mostly Sunny,Mostly Sunny,Mostly,Sunny,,14,rain,0.0,0.0,57,11,193,SSW,,21,10.0,29.94,9.58,10,0,Very High,8.0,Very Good,1,32.3667,-95.4
fod_long_range_hourly,1688058508,1689098400,2023-07-11T13:00:00-0500,290,D,93,74,104,93,104,3400,wx1030,34,Tuesday,M Sunny,Mostly Sunny,Mostly Sunny,Mostly,Sunny,,16,rain,0.0,0.0,54,10,192,S,,21,10.0,29.93,11.06,11,1,Extreme,7.0,Good,1,32.3667,-95.4
fod_long_range_hourly,1688058508,1689102000,2023-07-11T14:00:00-0500,291,D,94,73,105,94,105,3400,wx1030,34,Tuesday,M Sunny,Mostly Sunny,Mostly Sunny,Mostly,Sunny,,15,rain,0.0,0.0,52,11,182,S,,21,10.0,29.92,10.98,11,1,Extreme,7.0,Good,1,32.3667,-95.4
fod_long_range_hourly,1688058508,1689105600,2023-07-11T15:00:00-0500,292,D,95,73,105,95,105,3400,wx1030,34,Tuesday,M Sunny,Mostly Sunny,Mostly Sunny,Mostly,Sunny,,14,rain,0.0,0.0,50,10,188,S,,23,10.0,29.89,9.35,9,0,Very High,7.0,Good,1,32.3667,-95.4
fod_long_range_hourly,1688058508,1689109200,2023-07-11T16:00:00-0500,293,D,95,73,106,95,106,3400,wx1030,34,Tuesday,M Sunny,Mostly Sunny,Mostly Sunny,Mostly,Sunny,,12,rain,0.0,0.0,49,9,183,S,,27,10.0,29.87,6.8,7,0,High,7.0,Good,1,32.3667,-95.4
fod_long_range_hourly,1688058508,1689112800,2023-07-11T17:00:00-0500,294,D,95,72,105,95,105,3000,wx1130,30,Tuesday,P Cloudy,Partly Cloudy,Partly Cloudy,Partly,Cloudy,,7,rain,0.0,0.0,48,11,180,S,,32,10.0,29.85,4.13,4,0,Moderate,7.0,Good,1,32.3667,-95.4
fod_long_range_hourly,1688058508,1689116400,2023-07-11T18:00:00-0500,295,D,94,72,104,94,104,3000,wx1130,30,Tuesday,P Cloudy,Partly Cloudy,Partly Cloudy,Partly,Cloudy,,7,rain,0.0,0.0,50,11,177,S,,37,10.0,29.83,1.94,2,0,Low,7.0,Good,1,32.3667,-95.4
fod_long_range_hourly,1688058508,1689120000,2023-07-11T19:00:00-0500,296,D,92,72,101,92,101,3000,wx1130,30,Tuesday,P Cloudy,Partly Cloudy,Partly Cloudy,Partly,Cloudy,,8,rain,0.0,0.0,53,11,162,SSE,,41,10.0,29.83,0.57,1,0,Low,8.0,Very Good,1,32.3667,-95.4
fod_long_range_hourly,1688058508,1689123600,2023-07-11T20:00:00-0500,297,D,90,73,100,90,100,3000,wx1130,30,Tuesday,P Cloudy,Partly Cloudy,Partly Cloudy,Partly,Cloudy,,8,rain,0.0,0.0,58,9,169,SSE,,43,10.0,29.84,0.09,0,0,Low,8.0,Very Good,1,32.3667,-95.4
fod_long_range_hourly,1688058508,1689127200,2023-07-11T21:00:00-0500,298,N,88,74,97,88,97,2900,wx1600,29,Tuesday,P Cloudy,Partly Cloudy,Partly Cloudy,Partly,Cloudy,,8,rain,0.0,0.0,63,8,163,SSE,,45,10.0,29.85,0.0,0,0,Low,,,1,32.3667,-95.4
fod_long_range_hourly,1688058508,1689130800,2023-07-11T22:00:00-0500,299,N,87,74,95,87,95,2900,wx1600,29,Tuesday,P Cloudy,Partly Cloudy,Partly Cloudy,Partly,Cloudy,,8,rain,0.0,0.0,66,8,163,SSE,,44,10.0,29.87,0.0,0,0,Low,,,1,32.3667,-95.4
fod_long_range_hourly,1688058508,1689134400,2023-07-11T23:00:00-0500,300,N,85,75,94,85,94,2900,wx1600,29,Tuesday,P Cloudy,Partly Cloudy,Partly Cloudy,Partly,Cloudy,,8,rain,0.0,0.0,70,9,166,SSE,,38,10.0,29.88,0.0,0,0,Low,,,1,32.3667,-95.4
fod_long_range_hourly,1688058508,1689138000,2023-07-12T00:00:00-0500,301,N,84,75,92,84,92,3300,wx1500,33,Wednesday,M Clear,Mostly Clear,Mostly Clear,Mostly,Clear,,9,rain,0.0,0.0,74,9,167,SSE,,28,10.0,29.89,0.0,0,0,Low,,,1,32.3667,-95.4
fod_long_range_hourly,1688058508,1689141600,2023-07-12T01:00:00-0500,302,N,83,75,90,83,90,3300,wx1500,33,Wednesday,M Clear,Mostly Clear,Mostly Clear,Mostly,Clear,,14,rain,0.0,0.0,76,9,173,S,17.0,21,10.0,29.9,0.0,0,0,Low,,,1,32.3667,-95.4
fod_long_range_hourly,1688058508,1689145200,2023-07-12T02:00:00-0500,303,N,82,74,89,82,89,3300,wx1500,33,Wednesday,M Clear,Mostly Clear,Mostly Clear,Mostly,Clear,,16,rain,0.0,0.0,77,9,177,S,,20,10.0,29.9,0.0,0,0,Low,,,1,32.3667,-95.4
fod_long_range_hourly,1688058508,1689148800,2023-07-12T03:00:00-0500,304,N,81,74,87,81,87,3100,wx1500,31,Wednesday,Clear,Clear,Clear,Clear,,,17,rain,0.0,0.0,79,9,178,S,16.0,19,10.0,29.91,0.0,0,0,Low,,,1,32.3667,-95.4
fod_long_range_hourly,1688058508,1689152400,2023-07-12T04:00:00-0500,305,N,80,74,86,80,86,3300,wx1500,33,Wednesday,M Clear,Mostly Clear,Mostly Clear,Mostly,Clear,,19,rain,0.0,0.0,81,9,180,S,17.0,21,10.0,29.91,0.0,0,0,Low,,,1,32.3667,-95.4
fod_long_range_hourly,1688058508,1689156000,2023-07-12T05:00:00-0500,306,N,79,73,85,79,85,3300,wx1500,33,Wednesday,M Clear,Mostly Clear,Mostly Clear,Mostly,Clear,,20,rain,0.0,0.0,82,9,174,S,,24,10.0,29.92,0.0,0,0,Low,,,1,32.3667,-95.4
fod_long_range_hourly,1688058508,1689159600,2023-07-12T06:00:00-0500,307,N,79,73,84,79,84,3300,wx1500,33,Wednesday,M Clear,Mostly Clear,Mostly Clear,Mostly,Clear,,22,rain,0.0,0.0,84,8,182,S,,28,10.0,29.93,0.0,0,0,Low,,,1,32.3667,-95.4
fod_long_range_hourly,1688058508,1689163200,2023-07-12T07:00:00-0500,308,D,79,74,85,79,85,3700,wx2000,37,Wednesday,Iso T-Storms,Isolated Thunderstorms,Isolated Thunderstorms,Isolated,T-Storms,,32,rain,0.0,0.0,86,8,182,S,,35,9.0,29.93,0.1,0,0,Low,8.0,Very Good,2,32.3667,-95.4
fod_long_range_hourly,1688058508,1689166800,2023-07-12T08:00:00-0500,309,D,81,75,88,81,88,3800,wx2030,38,Wednesday,Sct T-Storms,Sct Thunderstorms,Scattered Thunderstorms,Scattered,T-Storms,,37,rain,0.01,0.0,82,9,185,S,,50,9.0,29.94,0.66,1,0,Low,5.0,Fair,2,32.3667,-95.4
fod_long_range_hourly,1688058508,1689170400,2023-07-12T09:00:00-0500,310,D,83,75,92,83,92,3700,wx2030,37,Wednesday,Iso T-Storms,Isolated Thunderstorms,Isolated Thunderstorms,Isolated,T-Storms,,34,rain,0.01,0.0,77,9,196,SSW,,35,9.0,29.95,2.12,2,0,Low,8.0,Very Good,2,32.3667,-95.4
fod_long_range_hourly,1688058508,1689174000,2023-07-12T10:00:00-0500,311,D,86,75,95,86,95,3700,wx2030,37,Wednesday,Iso T-Storms,Isolated Thunderstorms,Isolated Thunderstorms,Isolated,T-Storms,,31,rain,0.01,0.0,70,9,193,SSW,,35,9.0,29.95,4.37,4,0,Moderate,7.0,Good,2,32.3667,-95.4
fod_long_range_hourly,1688058508,1689177600,2023-07-12T11:00:00-0500,312,D,89,75,99,89,99,3400,wx1030,34,Wednesday,M Sunny,Mostly Sunny,Mostly Sunny,Mostly,Sunny,,24,rain,0.0,0.0,63,10,192,SSW,,22,10.0,29.94,7.06,7,0,High,8.0,Very Good,1,32.3667,-95.4
fod_long_range_hourly,1688058508,1689181200,2023-07-12T12:00:00-0500,313,D,91,74,102,91,102,3400,wx1030,34,Wednesday,M Sunny,Mostly Sunny,Mostly Sunny,Mostly,Sunny,,24,rain,0.0,0.0,58,10,195,SSW,,22,10.0,29.93,9.56,10,0,Very High,8.0,Very Good,1,32.3667,-95.4
fod_long_range_hourly,1688058508,1689184800,2023-07-12T13:00:00-0500,314,D,93,74,104,93,104,3400,wx1030,34,Wednesday,M Sunny,Mostly Sunny,Mostly Sunny,Mostly,Sunny,,16,rain,0.0,0.0,54,10,191,S,,23,10.0,29.93,11.05,11,1,Extreme,7.0,Good,1,32.3667,-95.4
fod_long_range_hourly,1688058508,1689188400,2023-07-12T14:00:00-0500,315,D,95,73,106,95,106,3400,wx1030,34,Wednesday,M Sunny,Mostly Sunny,Mostly Sunny,Mostly,Sunny,,16,rain,0.0,0.0,50,10,178,S,,27,10.0,29.91,10.97,11,1,Extreme,7.0,Good,1,32.3667,-95.4
fod_long_range_hourly,1688058508,1689192000,2023-07-12T15:00:00-0500,316,D,95,73,106,95,106,3000,wx1130,30,Wednesday,P Cloudy,Partly Cloudy,Partly Cloudy,Partly,Cloudy,,16,rain,0.0,0.0,49,10,186,S,,31,10.0,29.9,9.34,9,0,Very High,7.0,Good,1,32.3667,-95.4
fod_long_range_hourly,1688058508,1689195600,2023-07-12T16:00:00-0500,317,D,95,73,106,95,106,3000,wx1130,30,Wednesday,P Cloudy,Partly Cloudy,Partly Cloudy,Partly,Cloudy,,19,rain,0.0,0.0,49,9,183,S,,36,10.0,29.87,6.79,7,0,High,7.0,Good,1,32.3667,-95.4
fod_long_range_hourly,1688058508,1689199200,2023-07-12T17:00:00-0500,318,D,95,72,105,95,105,3000,wx1130,30,Wednesday,P Cloudy,Partly Cloudy,Partly Cloudy,Partly,Cloudy,,18,rain,0.0,0.0,48,10,178,S,,40,10.0,29.85,4.12,4,0,Moderate,7.0,Good,1,32.3667,-95.4
fod_long_range_hourly,1688058508,1689202800,2023-07-12T18:00:00-0500,319,D,94,72,104,94,104,3000,wx1130,30,Wednesday,P Cloudy,Partly Cloudy,Partly Cloudy,Partly,Cloudy,,18,rain,0.0,0.0,49,10,180,S,,45,10.0,29.84,1.94,2,0,Low,7.0,Good,1,32.3667,-95.4
fod_long_range_hourly,1688058508,1689206400,2023-07-12T19:00:00-0500,320,D,93,72,103,93,103,3000,wx1130,30,Wednesday,P Cloudy,Partly Cloudy,Partly Cloudy,Partly,Cloudy,,24,rain,0.0,0.0,51,9,160,SSE,,48,10.0,29.84,0.57,1,0,Low,7.0,Good,1,32.3667,-95.4
fod_long_range_hourly,1688058508,1689210000,2023-07-12T20:00:00-0500,321,D,91,73,102,91,102,3000,wx1130,30,Wednesday,P Cloudy,Partly Cloudy,Partly Cloudy,Partly,Cloudy,,23,rain,0.0,0.0,56,8,168,SSE,,50,10.0,29.85,0.08,0,0,Low,8.0,Very Good,1,32.3667,-95.4
fod_long_range_hourly,1688058508,1689213600,2023-07-12T21:00:00-0500,322,N,87,73,96,87,96,2900,wx1600,29,Wednesday,P Cloudy,Partly Cloudy,Partly Cloudy,Partly,Cloudy,,22,rain,0.0,0.0,64,7,160,SSE,,50,10.0,29.86,0.0,0,0,Low,,,1,32.3667,-95.4
fod_long_range_hourly,1688058508,1689217200,2023-07-12T22:00:00-0500,323,N,86,74,94,86,94,2900,wx1600,29,Wednesday,P Cloudy,Partly Cloudy,Partly Cloudy,Partly,Cloudy,,21,rain,0.0,0.0,67,7,160,SSE,,48,10.0,29.87,0.0,0,0,Low,,,1,32.3667,-95.4
fod_long_range_hourly,1688058508,1689220800,2023-07-12T23:00:00-0500,324,N,85,75,93,85,93,2900,wx1600,29,Wednesday,P Cloudy,Partly Cloudy,Partly Cloudy,Partly,Cloudy,,19,rain,0.0,0.0,72,8,166,SSE,,43,10.0,29.88,0.0,0,0,Low,,,1,32.3667,-95.4
fod_long_range_hourly,1688058508,1689224400,2023-07-13T00:00:00-0500,325,N,84,75,92,84,92,2900,wx1600,29,Thursday,P Cloudy,Partly Cloudy,Partly Cloudy,Partly,Cloudy,,19,rain,0.0,0.0,74,8,169,S,,36,10.0,29.89,0.0,0,0,Low,,,1,32.3667,-95.4
fod_long_range_hourly,1688058508,1689228000,2023-07-13T01:00:00-0500,326,N,82,75,90,82,90,2900,wx1600,29,Thursday,P Cloudy,Partly Cloudy,Partly Cloudy,Partly,Cloudy,,20,rain,0.0,0.0,77,9,176,S,,32,10.0,29.9,0.0,0,0,Low,,,1,32.3667,-95.4
fod_long_range_hourly,1688058508,1689231600,2023-07-13T02:00:00-0500,327,N,82,74,88,82,88,2900,wx1600,29,Thursday,P Cloudy,Partly Cloudy,Partly Cloudy,Partly,Cloudy,,20,rain,0.0,0.0,78,8,178,S,,32,10.0,29.9,0.0,0,0,Low,,,1,32.3667,-95.4
fod_long_range_hourly,1688058508,1689235200,2023-07-13T03:00:00-0500,328,N,80,74,87,80,87,2900,wx1600,29,Thursday,P Cloudy,Partly Cloudy,Partly Cloudy,Partly,Cloudy,,21,rain,0.0,0.0,80,8,180,S,,34,10.0,29.91,0.0,0,0,Low,,,1,32.3667,-95.4
fod_long_range_hourly,1688058508,1689238800,2023-07-13T04:00:00-0500,329,N,80,74,86,80,86,2900,wx1600,29,Thursday,P Cloudy,Partly Cloudy,Partly Cloudy,Partly,Cloudy,,24,rain,0.0,0.0,82,8,180,S,,34,10.0,29.92,0.0,0,0,Low,,,1,32.3667,-95.4
fod_long_range_hourly,1688058508,1689242400,2023-07-13T05:00:00-0500,330,N,79,73,85,79,85,2900,wx1600,29,Thursday,P Cloudy,Partly Cloudy,Partly Cloudy,Partly,Cloudy,,24,rain,0.0,0.0,83,8,169,S,,32,10.0,29.92,0.0,0,0,Low,,,1,32.3667,-95.4
fod_long_range_hourly,1688058508,1689246000,2023-07-13T06:00:00-0500,331,N,78,73,84,78,84,3300,wx1500,33,Thursday,M Clear,Mostly Clear,Mostly Clear,Mostly,Clear,,24,rain,0.0,0.0,85,7,180,S,,28,10.0,29.93,0.0,0,0,Low,,,1,32.3667,-95.4
fod_long_range_hourly,1688058508,1689249600,2023-07-13T07:00:00-0500,332,D,79,74,85,79,85,3400,wx1000,34,Thursday,M Sunny,Mostly Sunny,Mostly Sunny,Mostly,Sunny,,20,rain,0.0,0.0,86,7,180,S,,26,10.0,29.93,0.1,0,0,Low,9.0,Very Good,1,32.3667,-95.4
fod_long_range_hourly,1688058508,1689253200,2023-07-13T08:00:00-0500,333,D,81,75,88,81,88,3400,wx1030,34,Thursday,M Sunny,Mostly Sunny,Mostly Sunny,Mostly,Sunny,,18,rain,0.0,0.0,82,8,184,S,,26,10.0,29.94,0.65,1,0,Low,9.0,Very Good,1,32.3667,-95.4
fod_long_range_hourly,1688058508,1689256800,2023-07-13T09:00:00-0500,334,D,83,75,92,83,92,3400,wx1030,34,Thursday,M Sunny,Mostly Sunny,Mostly Sunny,Mostly,Sunny,,14,rain,0.0,0.0,76,9,197,SSW,,27,10.0,29.94,2.11,2,0,Low,9.0,Very Good,1,32.3667,-95.4
fod_long_range_hourly,1688058508,1689260400,2023-07-13T10:00:00-0500,335,D,86,75,95,86,95,3400,wx1030,34,Thursday,M Sunny,Mostly Sunny,Mostly Sunny,Mostly,Sunny,,6,rain,0.0,0.0,70,9,193,SSW,,28,10.0,29.94,4.35,4,0,Moderate,8.0,Very Good,1,32.3667,-95.4
fod_long_range_hourly,1688058508,1689264000,2023-07-13T11:00:00-0500,336,D,89,75,99,89,99,3000,wx1130,30,Thursday,P Cloudy,Partly Cloudy,Partly Cloudy,Partly,Cloudy,,4,rain,0.0,0.0,63,10,192,SSW,,30,10.0,29.94,7.04,7,0,High,8.0,Very Good,1,32.3667,-95.4
fod_long_range_hourly,1688058508,1689267600,2023-07-13T12:00:00-0500,337,D,91,74,101,91,101,3000,wx1130,30,Thursday,P Cloudy,Partly Cloudy,Partly Cloudy,Partly,Cloudy,,4,rain,0.0,0.0,58,11,196,SSW,,32,10.0,29.93,9.54,10,0,Very High,8.0,Very Good,1,32.3667,-95.4
fod_long_range_hourly,1688058508,1689271200,2023-07-13T13:00:00-0500,338,D,93,74,104,93,104,3000,wx1130,30,Thursday,P Cloudy,Partly Cloudy,Partly Cloudy,Partly,Cloudy,,15,rain,0.0,0.0,55,10,192,S,,34,10.0,29.92,11.04,11,1,Extreme,8.0,Very Good,1,32.3667,-95.4
fod_long_range_hourly,1688058508,1689274800,2023-07-13T14:00:00-0500,339,D,95,74,107,95,107,3000,wx1130,30,Thursday,P Cloudy,Partly Cloudy,Partly Cloudy,Partly,Cloudy,,17,rain,0.0,0.0,51,10,180,S,,36,10.0,29.91,10.96,11,1,Extreme,7.0,Good,1,32.3667,-95.4
fod_long_range_hourly,1688058508,1689278400,2023-07-13T15:00:00-0500,340,D,95,73,106,95,106,3000,wx1130,30,Thursday,P Cloudy,Partly Cloudy,Partly Cloudy,Partly,Cloudy,,18,rain,0.0,0.0,50,10,186,S,,38,10.0,29.89,9.34,9,0,Very High,7.0,Good,1,32.3667,-95.4
fod_long_range_hourly,1688058508,1689282000,2023-07-13T16:00:00-0500,341,D,95,73,106,95,106,3000,wx1130,30,Thursday,P Cloudy,Partly Cloudy,Partly Cloudy,Partly,Cloudy,,18,rain,0.0,0.0,50,9,180,S,,41,10.0,29.87,6.79,7,0,High,7.0,Good,1,32.3667,-95.4
fod_long_range_hourly,1688058508,1689285600,2023-07-13T17:00:00-0500,342,D,95,73,106,95,106,3000,wx1130,30,Thursday,P Cloudy,Partly Cloudy,Partly Cloudy,Partly,Cloudy,,19,rain,0.0,0.0,49,10,174,S,,43,10.0,29.85,4.12,4,0,Moderate,7.0,Good,1,32.3667,-95.4
fod_long_range_hourly,1688058508,1689289200,2023-07-13T18:00:00-0500,343,D,95,73,106,95,106,3000,wx1130,30,Thursday,P Cloudy,Partly Cloudy,Partly Cloudy,Partly,Cloudy,,19,rain,0.0,0.0,49,10,171,S,,45,10.0,29.84,1.93,2,0,Low,7.0,Good,1,32.3667,-95.4
fod_long_range_hourly,1688058508,1689292800,2023-07-13T19:00:00-0500,344,D,93,73,103,93,103,3000,wx1130,30,Thursday,P Cloudy,Partly Cloudy,Partly Cloudy,Partly,Cloudy,,24,rain,0.0,0.0,52,10,153,SSE,,46,10.0,29.85,0.56,1,0,Low,7.0,Good,1,32.3667,-95.4
fod_long_range_hourly,1688058508,1689296400,2023-07-13T20:00:00-0500,345,D,91,74,102,91,102,3000,wx1130,30,Thursday,P Cloudy,Partly Cloudy,Partly Cloudy,Partly,Cloudy,,24,rain,0.0,0.0,57,8,160,SSE,,44,10.0,29.85,0.09,0,0,Low,8.0,Very Good,1,32.3667,-95.4
fod_long_range_hourly,1688058508,1689300000,2023-07-13T21:00:00-0500,346,N,87,74,96,87,96,2900,wx1600,29,Thursday,P Cloudy,Partly Cloudy,Partly Cloudy,Partly,Cloudy,,24,rain,0.0,0.0,65,7,152,SSE,,42,10.0,29.87,0.0,0,0,Low,,,1,32.3667,-95.4
fod_long_range_hourly,1688058508,1689303600,2023-07-13T22:00:00-0500,347,N,85,74,93,85,93,2900,wx1600,29,Thursday,P Cloudy,Partly Cloudy,Partly Cloudy,Partly,Cloudy,,24,rain,0.0,0.0,69,7,152,SSE,,39,10.0,29.88,0.0,0,0,Low,,,1,32.3667,-95.4
fod_long_range_hourly,1688058508,1689307200,2023-07-13T23:00:00-0500,348,N,84,75,92,84,92,2900,wx1600,29,Thursday,P Cloudy,Partly Cloudy,Partly Cloudy,Partly,Cloudy,,24,rain,0.0,0.0,73,8,160,SSE,,37,10.0,29.89,0.0,0,0,Low,,,1,32.3667,-95.4
fod_long_range_hourly,1688058508,1689310800,2023-07-14T00:00:00-0500,349,N,83,75,91,83,91,2900,wx1600,29,Friday,P Cloudy,Partly Cloudy,Partly Cloudy,Partly,Cloudy,,24,rain,0.0,0.0,76,8,162,SSE,,35,10.0,29.9,0.0,0,0,Low,,,1,32.3667,-95.4
fod_long_range_hourly,1688058508,1689314400,2023-07-14T01:00:00-0500,350,N,82,75,90,82,90,3709,wx2030,47,Friday,Iso T-Storms,Isolated Thunderstorms,Isolated Thunderstorms,Isolated,T-Storms,,33,rain,0.01,0.0,77,8,170,S,,35,9.0,29.9,0.0,0,0,Low,,,2,32.3667,-95.4
fod_long_range_hourly,1688058508,1689318000,2023-07-14T02:00:00-0500,351,N,81,74,88,81,88,3809,wx2030,47,Friday,Sct T-Storms,Sct Thunderstorms,Scattered Thunderstorms,Scattered,T-Storms,,35,rain,0.01,0.0,79,7,172,S,,50,9.0,29.91,0.0,0,0,Low,,,2,32.3667,-95.4
fod_long_range_hourly,1688058508,1689321600,2023-07-14T03:00:00-0500,352,N,80,74,87,80,87,3809,wx2030,47,Friday,Sct T-Storms,Sct Thunderstorms,Scattered Thunderstorms,Scattered,T-Storms,,36,rain,0.01,0.0,80,8,174,S,,50,9.0,29.92,0.0,0,0,Low,,,2,32.3667,-95.4
fod_long_range_hourly,1688058508,1689325200,2023-07-14T04:00:00-0500,353,N,80,74,86,80,86,3809,wx2030,47,Friday,Sct T-Storms,Sct Thunderstorms,Scattered Thunderstorms,Scattered,T-Storms,,37,rain,0.01,0.0,82,8,176,S,,50,9.0,29.93,0.0,0,0,Low,,,2,32.3667,-95.4
fod_long_range_hourly,1688058508,1689328800,2023-07-14T05:00:00-0500,354,N,79,73,85,79,85,3809,wx2000,47,Friday,Sct T-Storms,Sct Thunderstorms,Scattered Thunderstorms,Scattered,T-Storms,,39,rain,0.01,0.0,83,8,167,SSE,,50,9.0,29.93,0.0,0,0,Low,,,2,32.3667,-95.4
fod_long_range_hourly,1688058508,1689332400,2023-07-14T06:00:00-0500,355,N,78,73,84,78,84,3809,wx2000,47,Friday,Sct T-Storms,Sct Thunderstorms,Scattered Thunderstorms,Scattered,T-Storms,,40,rain,0.01,0.0,85,7,178,S,,50,9.0,29.94,0.0,0,0,Low,,,2,32.3667,-95.4
fod_long_range_hourly,1688058508,1689336000,2023-07-14T07:00:00-0500,356,D,79,74,85,79,85,3000,wx1100,30,Friday,P Cloudy,Partly Cloudy,Partly Cloudy,Partly,Cloudy,,24,rain,0.0,0.0,86,7,178,S,,37,10.0,29.95,0.09,0,0,Low,9.0,Very Good,1,32.3667,-95.4
fod_long_range_hourly,1688058508,1689339600,2023-07-14T08:00:00-0500,357,D,81,75,88,81,88,3000,wx1130,30,Friday,P Cloudy,Partly Cloudy,Partly Cloudy,Partly,Cloudy,,24,rain,0.0,0.0,82,8,178,S,,37,10.0,29.96,0.65,1,0,Low,9.0,Very Good,1,32.3667,-95.4
fod_long_range_hourly,1688058508,1689343200,2023-07-14T09:00:00-0500,358,D,84,75,92,84,92,3000,wx1130,30,Friday,P Cloudy,Partly Cloudy,Partly Cloudy,Partly,Cloudy,,20,rain,0.0,0.0,75,9,189,S,,37,10.0,29.96,2.09,2,0,Low,9.0,Very Good,1,32.3667,-95.4
fod_long_range_hourly,1688058508,1689346800,2023-07-14T10:00:00-0500,359,D,87,75,96,87,96,3000,wx1130,30,Friday,P Cloudy,Partly Cloudy,Partly Cloudy,Partly,Cloudy,,14,rain,0.0,0.0,68,9,184,S,,36,10.0,29.96,4.34,4,0,Moderate,8.0,Very Good,1,32.3667,-95.4
fod_long_range_hourly,1688058508,1689350400,2023-07-14T11:00:00-0500,360,D,89,74,99,89,99,3000,wx1130,30,Friday,P Cloudy,Partly Cloudy,Partly Cloudy,Partly,Cloudy,,12,rain,0.0,0.0,61,9,187,S,,33,10.0,29.95,7.02,7,0,High,8.0,Very Good,1,32.3667,-95.4
