51.52,-0.11,fod_long_range_hourly,31,N,52,Friday,1688045758,1688695200,2023-07-07T03:00:00+0100,57,,NaN,NaN,58,29,2900,30.03,181,P Cloudy,Partly Cloudy,Partly Cloudy,5,rain,0.0,81,1,0.0,Partly,Cloudy,,58,Low,0,0.0,0,10.0,57,231,SW,5,wx1600,"51.52,-0.11",2023-07-07,4,+0100,F,2023-06-29 14:30:34,,
51.52,-0.11,fod_long_range_hourly,32,N,52,Friday,1688045758,1688698800,2023-07-07T04:00:00+0100,57,,NaN,NaN,57,29,2900,30.03,182,P Cloudy,Partly Cloudy,Partly Cloudy,7,rain,0.0,83,1,0.0,Partly,Cloudy,,57,Low,0,0.0,0,10.0,57,231,SW,4,wx1600,"51.52,-0.11",2023-07-07,5,+0100,F,2023-06-29 14:30:34,,
51.52,-0.11,fod_long_range_hourly,33,D,52,Friday,1688045758,1688702400,2023-07-07T05:00:00+0100,56,Good,7.0,NaN,57,30,3000,30.03,183,P Cloudy,Partly Cloudy,Partly Cloudy,8,rain,0.0,84,1,0.0,Partly,Cloudy,,57,Low,0,0.1,0,10.0,56,222,SW,5,wx1100,"51.52,-0.11",2023-07-07,6,+0100,F,2023-06-29 14:30:34,,
51.52,-0.11,fod_long_range_hourly,35,D,52,Friday,1688045758,1688706000,2023-07-07T06:00:00+0100,57,Good,7.0,NaN,57,30,3000,30.04,184,P Cloudy,Partly Cloudy,Partly Cloudy,8,rain,0.0,83,1,0.0,Partly,Cloudy,,57,Low,0,0.11,0,10.0,57,228,SW,5,wx1100,"51.52,-0.11",2023-07-07,7,+0100,F,2023-06-29 14:30:34,,
51.52,-0.11,fod_long_range_hourly,36,D,52,Friday,1688045758,1688709600,2023-07-07T07:00:00+0100,59,Very Good,8.0,NaN,60,30,3000,30.04,185,P Cloudy,Partly Cloudy,Partly Cloudy,4,rain,0.0,77,1,0.0,Partly,Cloudy,,60,Low,0,0.48,0,10.0,59,221,SW,5,wx1100,"51.52,-0.11",2023-07-07,8,+0100,F,2023-06-29 14:30:34,,
51.52,-0.11,fod_long_range_hourly,37,D,53,Friday,1688045758,1688713200,2023-07-07T08:00:00+0100,62,Very Good,8.0,NaN,62,30,3000,30.04,186,P Cloudy,Partly Cloudy,Partly Cloudy,3,rain,0.0,72,1,0.0,Partly,Cloudy,,62,Low,1,1.28,0,10.0,62,221,SW,6,wx1100,"51.52,-0.11",2023-07-07,9,+0100,F,2023-06-29 14:30:34,,
51.52,-0.11,fod_long_range_hourly,39,D,52,Friday,1688045758,1688716800,2023-07-07T09:00:00+0100,64,Very Good,9.0,NaN,64,30,3000,30.05,187,P Cloudy,Partly Cloudy,Partly Cloudy,2,rain,0.0,64,1,0.0,Partly,Cloudy,,64,Low,2,2.49,0,10.0,64,223,SW,7,wx1100,"51.52,-0.11",2023-07-07,10,+0100,F,2023-06-29 14:30:34,,
51.52,-0.11,fod_long_range_hourly,41,D,52,Friday,1688045758,1688720400,2023-07-07T10:00:00+0100,67,Very Good,9.0,NaN,67,30,3000,30.05,188,P Cloudy,Partly Cloudy,Partly Cloudy,1,rain,0.0,58,1,0.0,Partly,Cloudy,,67,Moderate,4,3.98,0,10.0,67,220,SW,8,wx1100,"51.52,-0.11",2023-07-07,11,+0100,F,2023-06-29 14:30:34,,
51.52,-0.11,fod_long_range_hourly,43,D,51,Friday,1688045758,1688724000,2023-07-07T11:00:00+0100,69,Excellent,10.0,NaN,69,30,3000,30.05,189,P Cloudy,Partly Cloudy,Partly Cloudy,4,rain,0.0,51,1,0.0,Partly,Cloudy,,69,Moderate,5,5.47,0,10.0,69,222,SW,9,wx1100,"51.52,-0.11",2023-07-07,12,+0100,F,2023-06-29 14:30:34,,
51.52,-0.11,fod_long_range_hourly,45,D,50,Friday,1688045758,1688727600,2023-07-07T12:00:00+0100,72,Excellent,10.0,NaN,72,30,3000,30.05,190,P Cloudy,Partly Cloudy,Partly Cloudy,4,rain,0.0,46,1,0.0,Partly,Cloudy,,72,High,7,6.61,0,10.0,72,221,SW,10,wx1100,"51.52,-0.11",2023-07-07,13,+0100,F,2023-06-29 14:30:34,,
51.52,-0.11,fod_long_range_hourly,47,D,49,Friday,1688045758,1688731200,2023-07-07T13:00:00+0100,74,Excellent,10.0,16.0,74,30,3000,30.05,191,P Cloudy,Partly Cloudy,Partly Cloudy,10,rain,0.0,43,1,0.0,Partly,Cloudy,,74,High,7,7.09,0,10.0,74,219,SW,11,wx1100,"51.52,-0.11",2023-07-07,14,+0100,F,2023-06-29 14:30:34,,
51.52,-0.11,fod_long_range_hourly,48,D,49,Friday,1688045758,1688734800,2023-07-07T14:00:00+0100,74,Excellent,10.0,17.0,74,30,3000,30.05,192,P Cloudy,Partly Cloudy,Partly Cloudy,10,rain,0.0,41,1,0.0,Partly,Cloudy,,74,High,7,6.75,0,10.0,74,221,SW,11,wx1100,"51.52,-0.11",2023-07-07,15,+0100,F,2023-06-29 14:30:34,,
51.52,-0.11,fod_long_range_hourly,49,D,49,Friday,1688045758,1688738400,2023-07-07T15:00:00+0100,75,Excellent,10.0,17.0,75,30,3000,30.05,193,P Cloudy,Partly Cloudy,Partly Cloudy,10,rain,0.0,40,1,0.0,Partly,Cloudy,,75,High,6,5.69,0,10.0,75,220,SW,11,wx1100,"51.52,-0.11",2023-07-07,16,+0100,F,2023-06-29 14:30:34,,
51.52,-0.11,fod_long_range_hourly,49,D,49,Friday,1688045758,1688742000,2023-07-07T16:00:00+0100,74,Excellent,10.0,16.0,74,30,3000,30.05,194,P Cloudy,Partly Cloudy,Partly Cloudy,9,rain,0.0,41,1,0.0,Partly,Cloudy,,74,Moderate,4,4.23,0,10.0,74,220,SW,11,wx1100,"51.52,-0.11",2023-07-07,17,+0100,F,2023-06-29 14:30:34,,
51.52,-0.11,fod_long_range_hourly,48,D,49,Friday,1688045758,1688745600,2023-07-07T17:00:00+0100,74,Excellent,10.0,NaN,74,30,3000,30.05,195,P Cloudy,Partly Cloudy,Partly Cloudy,9,rain,0.0,42,1,0.0,Partly,Cloudy,,74,Moderate,3,2.72,0,10.0,74,222,SW,11,wx1100,"51.52,-0.11",2023-07-07,18,+0100,F,2023-06-29 14:30:34,,
51.52,-0.11,fod_long_range_hourly,47,D,50,Friday,1688045758,1688749200,2023-07-07T18:00:00+0100,73,Excellent,10.0,NaN,73,30,3000,30.05,196,P Cloudy,Partly Cloudy,Partly Cloudy,9,rain,0.0,44,1,0.0,Partly,Cloudy,,73,Low,1,1.45,0,10.0,73,221,SW,11,wx1100,"51.52,-0.11",2023-07-07,19,+0100,F,2023-06-29 14:30:34,,
51.52,-0.11,fod_long_range_hourly,46,D,51,Friday,1688045758,1688752800,2023-07-07T19:00:00+0100,72,Excellent,10.0,NaN,72,30,3000,30.05,197,P Cloudy,Partly Cloudy,Partly Cloudy,3,rain,0.0,47,1,0.0,Partly,Cloudy,,72,Low,1,0.58,0,10.0,72,222,SW,11,wx1100,"51.52,-0.11",2023-07-07,20,+0100,F,2023-06-29 14:30:34,,
51.52,-0.11,fod_long_range_hourly,46,D,52,Friday,1688045758,1688756400,2023-07-07T20:00:00+0100,71,Excellent,10.0,NaN,71,30,3000,30.05,198,P Cloudy,Partly Cloudy,Partly Cloudy,3,rain,0.0,51,1,0.0,Partly,Cloudy,,71,Low,0,0.14,0,10.0,71,220,SW,10,wx1100,"51.52,-0.11",2023-07-07,21,+0100,F,2023-06-29 14:30:34,,
51.52,-0.11,fod_long_range_hourly,45,D,52,Friday,1688045758,1688760000,2023-07-07T21:00:00+0100,69,Excellent,10.0,NaN,69,30,3000,30.06,199,P Cloudy,Partly Cloudy,Partly Cloudy,3,rain,0.0,56,1,0.0,Partly,Cloudy,,69,Low,0,0.09,0,10.0,69,217,SW,9,wx1100,"51.52,-0.11",2023-07-07,22,+0100,F,2023-06-29 14:30:34,,
51.52,-0.11,fod_long_range_hourly,44,N,53,Friday,1688045758,1688763600,2023-07-07T22:00:00+0100,66,,NaN,NaN,66,29,2900,30.06,200,P Cloudy,Partly Cloudy,Partly Cloudy,4,rain,0.0,61,1,0.0,Partly,Cloudy,,66,Low,0,0.0,0,10.0,66,217,SW,8,wx1600,"51.52,-0.11",2023-07-07,23,+0100,F,2023-06-29 14:30:34,,
51.52,-0.11,fod_long_range_hourly,43,N,53,Friday,1688045758,1688767200,2023-07-07T23:00:00+0100,65,,NaN,NaN,65,29,2900,30.07,201,P Cloudy,Partly Cloudy,Partly Cloudy,6,rain,0.0,66,1,0.0,Partly,Cloudy,,65,Low,0,0.0,0,10.0,65,218,SW,8,wx1600,"51.52,-0.11",2023-07-07,24,+0100,F,2023-06-29 14:30:34,,
51.52,-0.11,fod_long_range_hourly,42,N,53,Saturday,1688045758,1688770800,2023-07-08T00:00:00+0100,63,,NaN,NaN,63,29,2900,30.08,202,P Cloudy,Partly Cloudy,Partly Cloudy,7,rain,0.0,70,1,0.0,Partly,Cloudy,,63,Low,0,0.0,0,10.0,63,219,SW,7,wx1600,"51.52,-0.11",2023-07-08,1,+0100,F,2023-06-29 14:30:34,,
51.52,-0.11,fod_long_range_hourly,42,N,53,Saturday,1688045758,1688774400,2023-07-08T01:00:00+0100,61,,NaN,NaN,61,29,2900,30.08,203,P Cloudy,Partly Cloudy,Partly Cloudy,8,rain,0.0,75,1,0.0,Partly,Cloudy,,61,Low,0,0.0,0,10.0,61,217,SW,6,wx1600,"51.52,-0.11",2023-07-08,2,+0100,F,2023-06-29 14:30:34,,
51.52,-0.11,fod_long_range_hourly,43,N,53,Saturday,1688045758,1688778000,2023-07-08T02:00:00+0100,60,,NaN,NaN,60,29,2900,30.08,204,P Cloudy,Partly Cloudy,Partly Cloudy,9,rain,0.0,78,1,0.0,Partly,Cloudy,,60,Low,0,0.0,0,10.0,60,218,SW,6,wx1600,"51.52,-0.11",2023-07-08,3,+0100,F,2023-06-29 14:30:34,,
51.52,-0.11,fod_long_range_hourly,43,N,54,Saturday,1688045758,1688781600,2023-07-08T03:00:00+0100,59,,NaN,NaN,59,29,2900,30.08,205,P Cloudy,Partly Cloudy,Partly Cloudy,10,rain,0.0,82,1,0.0,Partly,Cloudy,,59,Low,0,0.0,0,10.0,59,217,SW,6,wx1600,"51.52,-0.11",2023-07-08,4,+0100,F,2023-06-29 14:30:34,,
51.52,-0.11,fod_long_range_hourly,45,N,54,Saturday,1688045758,1688785200,2023-07-08T04:00:00+0100,58,,NaN,NaN,59,29,2900,30.08,206,P Cloudy,Partly Cloudy,Partly Cloudy,10,rain,0.0,84,1,0.0,Partly,Cloudy,,59,Low,0,0.0,0,10.0,58,218,SW,5,wx1600,"51.52,-0.11",2023-07-08,5,+0100,F,2023-06-29 14:30:34,,
51.52,-0.11,fod_long_range_hourly,47,D,54,Saturday,1688045758,1688788800,2023-07-08T05:00:00+0100,58,Very Good,8.0,NaN,58,30,3000,30.08,207,P Cloudy,Partly Cloudy,Partly Cloudy,11,rain,0.0,85,1,0.0,Partly,Cloudy,,58,Low,0,0.11,0,10.0,58,208,SSW,5,wx1100,"51.52,-0.11",2023-07-08,6,+0100,F,2023-06-29 14:30:34,,
51.52,-0.11,fod_long_range_hourly,49,D,54,Saturday,1688045758,1688792400,2023-07-08T06:00:00+0100,58,Very Good,8.0,NaN,59,30,3000,30.08,208,P Cloudy,Partly Cloudy,Partly Cloudy,10,rain,0.0,84,1,0.0,Partly,Cloudy,,59,Low,0,0.11,0,10.0,58,213,SSW,5,wx1100,"51.52,-0.11",2023-07-08,7,+0100,F,2023-06-29 14:30:34,,
51.52,-0.11,fod_long_range_hourly,51,D,54,Saturday,1688045758,1688796000,2023-07-08T07:00:00+0100,61,Very Good,8.0,NaN,61,30,3000,30.07,209,P Cloudy,Partly Cloudy,Partly Cloudy,24,rain,0.0,79,1,0.0,Partly,Cloudy,,61,Low,0,0.43,0,10.0,61,208,SSW,6,wx1100,"51.52,-0.11",2023-07-08,8,+0100,F,2023-06-29 14:30:34,,
51.52,-0.11,fod_long_range_hourly,52,D,55,Saturday,1688045758,1688799600,2023-07-08T08:00:00+0100,64,Very Good,9.0,NaN,64,30,3000,30.07,210,P Cloudy,Partly Cloudy,Partly Cloudy,23,rain,0.0,73,1,0.0,Partly,Cloudy,,64,Low,1,1.16,0,10.0,64,207,SSW,7,wx1100,"51.52,-0.11",2023-07-08,9,+0100,F,2023-06-29 14:30:34,,
51.52,-0.11,fod_long_range_hourly,53,D,55,Saturday,1688045758,1688803200,2023-07-08T09:00:00+0100,67,Very Good,9.0,NaN,67,30,3000,30.07,211,P Cloudy,Partly Cloudy,Partly Cloudy,19,rain,0.0,65,1,0.0,Partly,Cloudy,,67,Low,2,2.28,0,10.0,67,209,SSW,8,wx1100,"51.52,-0.11",2023-07-08,10,+0100,F,2023-06-29 14:30:34,,
51.52,-0.11,fod_long_range_hourly,54,D,54,Saturday,1688045758,1688806800,2023-07-08T10:00:00+0100,70,Excellent,10.0,NaN,70,30,3000,30.06,212,P Cloudy,Partly Cloudy,Partly Cloudy,15,rain,0.0,57,1,0.0,Partly,Cloudy,,70,Moderate,4,3.64,0,10.0,70,206,SSW,9,wx1100,"51.52,-0.11",2023-07-08,11,+0100,F,2023-06-29 14:30:34,,
51.52,-0.11,fod_long_range_hourly,56,D,53,Saturday,1688045758,1688810400,2023-07-08T11:00:00+0100,72,Excellent,10.0,NaN,72,30,3000,30.06,213,P Cloudy,Partly Cloudy,Partly Cloudy,13,rain,0.0,51,1,0.0,Partly,Cloudy,,72,Moderate,5,5.01,0,10.0,72,205,SSW,10,wx1100,"51.52,-0.11",2023-07-08,12,+0100,F,2023-06-29 14:30:34,,
51.52,-0.11,fod_long_range_hourly,57,D,52,Saturday,1688045758,1688814000,2023-07-08T12:00:00+0100,74,Excellent,10.0,16.0,74,30,3000,30.06,214,P Cloudy,Partly Cloudy,Partly Cloudy,14,rain,0.0,46,1,0.0,Partly,Cloudy,,74,High,6,6.07,0,10.0,74,205,SSW,11,wx1100,"51.52,-0.11",2023-07-08,13,+0100,F,2023-06-29 14:30:34,,
51.52,-0.11,fod_long_range_hourly,58,D,51,Saturday,1688045758,1688817600,2023-07-08T13:00:00+0100,76,Excellent,10.0,17.0,76,30,3000,30.06,215,P Cloudy,Partly Cloudy,Partly Cloudy,11,rain,0.0,43,1,0.0,Partly,Cloudy,,76,High,7,6.51,0,10.0,76,202,SSW,12,wx1100,"51.52,-0.11",2023-07-08,14,+0100,F,2023-06-29 14:30:34,,
51.52,-0.11,fod_long_range_hourly,58,D,51,Saturday,1688045758,1688821200,2023-07-08T14:00:00+0100,76,Excellent,10.0,18.0,76,30,3000,30.05,216,P Cloudy,Partly Cloudy,Partly Cloudy,11,rain,0.0,41,1,0.0,Partly,Cloudy,,76,High,6,6.19,0,10.0,76,202,SSW,13,wx1100,"51.52,-0.11",2023-07-08,15,+0100,F,2023-06-29 14:30:34,,
51.52,-0.11,fod_long_range_hourly,58,D,51,Saturday,1688045758,1688824800,2023-07-08T15:00:00+0100,77,Excellent,10.0,17.0,77,30,3000,30.04,217,P Cloudy,Partly Cloudy,Partly Cloudy,11,rain,0.0,41,1,0.0,Partly,Cloudy,,77,Moderate,5,5.22,0,10.0,77,202,SSW,12,wx1100,"51.52,-0.11",2023-07-08,16,+0100,F,2023-06-29 14:30:34,,
51.52,-0.11,fod_long_range_hourly,58,D,51,Saturday,1688045758,1688828400,2023-07-08T16:00:00+0100,76,Excellent,10.0,17.0,76,30,3000,30.03,218,P Cloudy,Partly Cloudy,Partly Cloudy,12,rain,0.0,43,1,0.0,Partly,Cloudy,,76,Moderate,4,3.88,0,10.0,76,203,SSW,13,wx1100,"51.52,-0.11",2023-07-08,17,+0100,F,2023-06-29 14:30:34,,
51.52,-0.11,fod_long_range_hourly,58,D,52,Saturday,1688045758,1688832000,2023-07-08T17:00:00+0100,75,Excellent,10.0,17.0,75,30,3000,30.03,219,P Cloudy,Partly Cloudy,Partly Cloudy,12,rain,0.0,45,1,0.0,Partly,Cloudy,,75,Low,2,2.5,0,10.0,75,205,SSW,12,wx1100,"51.52,-0.11",2023-07-08,18,+0100,F,2023-06-29 14:30:34,,
51.52,-0.11,fod_long_range_hourly,57,D,52,Saturday,1688045758,1688835600,2023-07-08T18:00:00+0100,74,Excellent,10.0,17.0,74,30,3000,30.02,220,P Cloudy,Partly Cloudy,Partly Cloudy,12,rain,0.0,47,1,0.0,Partly,Cloudy,,74,Low,1,1.33,0,10.0,74,207,SSW,12,wx1100,"51.52,-0.11",2023-07-08,19,+0100,F,2023-06-29 14:30:34,,
51.52,-0.11,fod_long_range_hourly,57,D,53,Saturday,1688045758,1688839200,2023-07-08T19:00:00+0100,73,Excellent,10.0,17.0,73,30,3000,30.01,221,P Cloudy,Partly Cloudy,Partly Cloudy,6,rain,0.0,50,1,0.0,Partly,Cloudy,,73,Low,1,0.53,0,10.0,73,208,SSW,12,wx1100,"51.52,-0.11",2023-07-08,20,+0100,F,2023-06-29 14:30:34,,
51.52,-0.11,fod_long_range_hourly,57,D,54,Saturday,1688045758,1688842800,2023-07-08T20:00:00+0100,71,Excellent,10.0,NaN,71,30,3000,30.01,222,P Cloudy,Partly Cloudy,Partly Cloudy,5,rain,0.0,54,1,0.0,Partly,Cloudy,,71,Low,0,0.13,0,10.0,71,208,SSW,11,wx1100,"51.52,-0.11",2023-07-08,21,+0100,F,2023-06-29 14:30:34,,
51.52,-0.11,fod_long_range_hourly,56,D,54,Saturday,1688045758,1688846400,2023-07-08T21:00:00+0100,70,Excellent,10.0,NaN,70,30,3000,30.01,223,P Cloudy,Partly Cloudy,Partly Cloudy,5,rain,0.0,58,1,0.0,Partly,Cloudy,,70,Low,0,0.08,0,10.0,70,207,SSW,10,wx1100,"51.52,-0.11",2023-07-08,22,+0100,F,2023-06-29 14:30:34,,
51.52,-0.11,fod_long_range_hourly,54,N,54,Saturday,1688045758,1688850000,2023-07-08T22:00:00+0100,68,,NaN,NaN,68,29,2900,30.01,224,P Cloudy,Partly Cloudy,Partly Cloudy,4,rain,0.0,63,1,0.0,Partly,Cloudy,,68,Low,0,0.0,0,10.0,68,208,SSW,10,wx1600,"51.52,-0.11",2023-07-08,23,+0100,F,2023-06-29 14:30:34,,
51.52,-0.11,fod_long_range_hourly,52,N,54,Saturday,1688045758,1688853600,2023-07-08T23:00:00+0100,66,,NaN,NaN,66,29,2900,30.01,225,P Cloudy,Partly Cloudy,Partly Cloudy,1,rain,0.0,66,1,0.0,Partly,Cloudy,,66,Low,0,0.0,0,10.0,66,209,SSW,9,wx1600,"51.52,-0.11",2023-07-08,24,+0100,F,2023-06-29 14:30:34,,
51.52,-0.11,fod_long_range_hourly,50,N,55,Sunday,1688045758,1688857200,2023-07-09T00:00:00+0100,65,,NaN,NaN,65,29,2900,30.01,226,P Cloudy,Partly Cloudy,Partly Cloudy,2,rain,0.0,70,1,0.0,Partly,Cloudy,,65,Low,0,0.0,0,10.0,65,209,SSW,8,wx1600,"51.52,-0.11",2023-07-09,1,+0100,F,2023-06-29 14:30:34,,
51.52,-0.11,fod_long_range_hourly,49,N,55,Sunday,1688045758,1688860800,2023-07-09T01:00:00+0100,63,,NaN,NaN,64,29,2900,30.01,227,P Cloudy,Partly Cloudy,Partly Cloudy,14,rain,0.0,73,1,0.0,Partly,Cloudy,,64,Low,0,0.0,0,10.0,63,209,SSW,7,wx1600,"51.52,-0.11",2023-07-09,2,+0100,F,2023-06-29 14:30:34,,
51.52,-0.11,fod_long_range_hourly,54,N,54,Sunday,1688045758,1688864400,2023-07-09T02:00:00+0100,62,,NaN,NaN,62,29,2900,30.01,228,P Cloudy,Partly Cloudy,Partly Cloudy,16,rain,0.0,75,1,0.0,Partly,Cloudy,,62,Low,0,0.0,0,10.0,62,216,SW,8,wx1600,"51.52,-0.11",2023-07-09,3,+0100,F,2023-06-29 14:30:34,,
51.52,-0.11,fod_long_range_hourly,55,N,55,Sunday,1688045758,1688868000,2023-07-09T03:00:00+0100,61,,NaN,NaN,62,29,2900,30.0,229,P Cloudy,Partly Cloudy,Partly Cloudy,21,rain,0.0,78,1,0.0,Partly,Cloudy,,62,Low,0,0.0,0,10.0,61,217,SW,8,wx1600,"51.52,-0.11",2023-07-09,4,+0100,F,2023-06-29 14:30:34,,
51.52,-0.11,fod_long_range_hourly,57,N,55,Sunday,1688045758,1688871600,2023-07-09T04:00:00+0100,60,,NaN,NaN,61,29,2900,30.0,230,P Cloudy,Partly Cloudy,Partly Cloudy,23,rain,0.0,80,1,0.0,Partly,Cloudy,,61,Low,0,0.0,0,10.0,60,217,SW,7,wx1600,"51.52,-0.11",2023-07-09,5,+0100,F,2023-06-29 14:30:34,,
51.52,-0.11,fod_long_range_hourly,58,D,55,Sunday,1688045758,1688875200,2023-07-09T05:00:00+0100,60,Fair,5.0,NaN,61,11,4600,29.99,231,Few Showers,Few Showers,Few Showers,31,rain,0.01,81,1,0.0,Few,Showers,,61,Low,0,0.1,0,10.0,60,212,SSW,7,wx2000,"51.52,-0.11",2023-07-09,6,+0100,F,2023-06-29 14:30:34,,
51.52,-0.11,fod_long_range_hourly,60,D,55,Sunday,1688045758,1688878800,2023-07-09T06:00:00+0100,60,Fair,5.0,NaN,61,11,4600,29.98,232,Few Showers,Few Showers,Few Showers,31,rain,0.01,82,1,0.0,Few,Showers,,61,Low,0,0.1,0,9.0,60,217,SW,8,wx2000,"51.52,-0.11",2023-07-09,7,+0100,F,2023-06-29 14:30:34,,
51.52,-0.11,fod_long_range_hourly,60,D,55,Sunday,1688045758,1688882400,2023-07-09T07:00:00+0100,62,Good,6.0,NaN,63,11,4600,29.98,233,Few Showers,Few Showers,Few Showers,33,rain,0.01,77,1,0.0,Few,Showers,,63,Low,0,0.43,0,9.0,62,215,SW,8,wx2000,"51.52,-0.11",2023-07-09,8,+0100,F,2023-06-29 14:30:34,,
51.52,-0.11,fod_long_range_hourly,61,D,56,Sunday,1688045758,1688886000,2023-07-09T08:00:00+0100,64,Good,6.0,NaN,65,11,4600,29.98,234,Few Showers,Few Showers,Few Showers,31,rain,0.01,74,1,0.0,Few,Showers,,65,Low,1,1.15,0,9.0,64,215,SW,9,wx2000,"51.52,-0.11",2023-07-09,9,+0100,F,2023-06-29 14:30:34,,
51.52,-0.11,fod_long_range_hourly,60,D,56,Sunday,1688045758,1688889600,2023-07-09T09:00:00+0100,67,Very Good,9.0,NaN,67,28,2800,29.98,235,M Cloudy,Mostly Cloudy,Mostly Cloudy,24,rain,0.0,69,1,0.0,Mostly,Cloudy,,67,Low,2,2.26,0,9.0,67,218,SW,9,wx1200,"51.52,-0.11",2023-07-09,10,+0100,F,2023-06-29 14:30:34,,
51.52,-0.11,fod_long_range_hourly,60,D,55,Sunday,1688045758,1688893200,2023-07-09T10:00:00+0100,68,Excellent,10.0,NaN,68,28,2800,29.98,236,M Cloudy,Mostly Cloudy,Mostly Cloudy,23,rain,0.0,64,1,0.0,Mostly,Cloudy,,68,Moderate,4,3.63,0,9.0,68,216,SW,10,wx1200,"51.52,-0.11",2023-07-09,11,+0100,F,2023-06-29 14:30:34,,
51.52,-0.11,fod_long_range_hourly,59,D,55,Sunday,1688045758,1688896800,2023-07-09T11:00:00+0100,70,Excellent,10.0,NaN,70,30,3000,29.97,237,P Cloudy,Partly Cloudy,Partly Cloudy,20,rain,0.0,59,1,0.0,Partly,Cloudy,,70,Moderate,5,4.99,0,9.0,70,219,SW,11,wx1100,"51.52,-0.11",2023-07-09,12,+0100,F,2023-06-29 14:30:34,,
51.52,-0.11,fod_long_range_hourly,59,D,55,Sunday,1688045758,1688900400,2023-07-09T12:00:00+0100,72,Excellent,10.0,17.0,72,30,3000,29.97,238,P Cloudy,Partly Cloudy,Partly Cloudy,18,rain,0.0,55,1,0.0,Partly,Cloudy,,72,High,6,6.05,0,9.0,72,220,SW,12,wx1100,"51.52,-0.11",2023-07-09,13,+0100,F,2023-06-29 14:30:34,,
51.52,-0.11,fod_long_range_hourly,59,D,54,Sunday,1688045758,1688904000,2023-07-09T13:00:00+0100,73,Excellent,10.0,17.0,73,30,3000,29.97,239,P Cloudy,Partly Cloudy,Partly Cloudy,19,rain,0.0,52,1,0.0,Partly,Cloudy,,73,High,6,6.49,0,9.0,73,218,SW,12,wx1100,"51.52,-0.11",2023-07-09,14,+0100,F,2023-06-29 14:30:34,,
51.52,-0.11,fod_long_range_hourly,61,D,54,Sunday,1688045758,1688907600,2023-07-09T14:00:00+0100,73,Excellent,10.0,17.0,73,28,2800,29.98,240,M Cloudy,Mostly Cloudy,Mostly Cloudy,18,rain,0.0,50,1,0.0,Mostly,Cloudy,,73,High,6,6.17,0,10.0,73,219,SW,13,wx1200,"51.52,-0.11",2023-07-09,15,+0100,F,2023-06-29 14:30:34,,
51.52,-0.11,fod_long_range_hourly,62,D,54,Sunday,1688045758,1688911200,2023-07-09T15:00:00+0100,74,Excellent,10.0,16.0,74,28,2800,29.97,241,M Cloudy,Mostly Cloudy,Mostly Cloudy,20,rain,0.0,50,1,0.0,Mostly,Cloudy,,74,Moderate,5,5.21,0,10.0,74,220,SW,12,wx1200,"51.52,-0.11",2023-07-09,16,+0100,F,2023-06-29 14:30:34,,
51.52,-0.11,fod_long_range_hourly,63,D,54,Sunday,1688045758,1688914800,2023-07-09T16:00:00+0100,73,Excellent,10.0,16.0,73,28,2800,29.97,242,M Cloudy,Mostly Cloudy,Mostly Cloudy,20,rain,0.0,51,1,0.0,Mostly,Cloudy,,73,Moderate,3,3.37,0,10.0,73,221,SW,12,wx1200,"51.52,-0.11",2023-07-09,17,+0100,F,2023-06-29 14:30:34,,
51.52,-0.11,fod_long_range_hourly,64,D,54,Sunday,1688045758,1688918400,2023-07-09T17:00:00+0100,73,Excellent,10.0,16.0,73,28,2800,29.96,243,M Cloudy,Mostly Cloudy,Mostly Cloudy,21,rain,0.0,51,1,0.0,Mostly,Cloudy,,73,Low,2,2.16,0,10.0,73,222,SW,12,wx1200,"51.52,-0.11",2023-07-09,18,+0100,F,2023-06-29 14:30:34,,
51.52,-0.11,fod_long_range_hourly,64,D,54,Sunday,1688045758,1688922000,2023-07-09T18:00:00+0100,73,Excellent,10.0,16.0,73,28,2800,29.96,244,M Cloudy,Mostly Cloudy,Mostly Cloudy,22,rain,0.0,52,1,0.0,Mostly,Cloudy,,73,Low,1,1.15,0,10.0,73,223,SW,12,wx1200,"51.52,-0.11",2023-07-09,19,+0100,F,2023-06-29 14:30:34,,
51.52,-0.11,fod_long_range_hourly,64,D,54,Sunday,1688045758,1688925600,2023-07-09T19:00:00+0100,72,Excellent,10.0,16.0,72,28,2800,29.96,245,M Cloudy,Mostly Cloudy,Mostly Cloudy,24,rain,0.0,54,1,0.0,Mostly,Cloudy,,72,Low,0,0.45,0,10.0,72,223,SW,12,wx1200,"51.52,-0.11",2023-07-09,20,+0100,F,2023-06-29 14:30:34,,
51.52,-0.11,fod_long_range_hourly,62,D,54,Sunday,1688045758,1688929200,2023-07-09T20:00:00+0100,70,Excellent,10.0,NaN,70,28,2800,29.96,246,M Cloudy,Mostly Cloudy,Mostly Cloudy,24,rain,0.0,57,1,0.0,Mostly,Cloudy,,70,Low,0,0.13,0,10.0,70,223,SW,12,wx1200,"51.52,-0.11",2023-07-09,21,+0100,F,2023-06-29 14:30:34,,
51.52,-0.11,fod_long_range_hourly,60,D,54,Sunday,1688045758,1688932800,2023-07-09T21:00:00+0100,69,Excellent,10.0,NaN,69,28,2800,29.96,247,M Cloudy,Mostly Cloudy,Mostly Cloudy,21,rain,0.0,60,1,0.0,Mostly,Cloudy,,69,Low,0,0.08,0,10.0,69,222,SW,11,wx1200,"51.52,-0.11",2023-07-09,22,+0100,F,2023-06-29 14:30:34,,
51.52,-0.11,fod_long_range_hourly,58,N,54,Sunday,1688045758,1688936400,2023-07-09T22:00:00+0100,67,,NaN,NaN,67,29,2900,29.96,248,P Cloudy,Partly Cloudy,Partly Cloudy,19,rain,0.0,64,1,0.0,Partly,Cloudy,,67,Low,0,0.0,0,10.0,67,224,SW,10,wx1600,"51.52,-0.11",2023-07-09,23,+0100,F,2023-06-29 14:30:34,,
51.52,-0.11,fod_long_range_hourly,55,N,54,Sunday,1688045758,1688940000,2023-07-09T23:00:00+0100,65,,NaN,NaN,65,29,2900,29.96,249,P Cloudy,Partly Cloudy,Partly Cloudy,14,rain,0.0,67,1,0.0,Partly,Cloudy,,65,Low,0,0.0,0,10.0,65,227,SW,10,wx1600,"51.52,-0.11",2023-07-09,24,+0100,F,2023-06-29 14:30:34,,
51.52,-0.11,fod_long_range_hourly,53,N,54,Monday,1688045758,1688943600,2023-07-10T00:00:00+0100,64,,NaN,NaN,64,29,2900,29.97,250,P Cloudy,Partly Cloudy,Partly Cloudy,15,rain,0.0,70,1,0.0,Partly,Cloudy,,64,Low,0,0.0,0,10.0,64,228,SW,9,wx1600,"51.52,-0.11",2023-07-10,1,+0100,F,2023-06-29 14:30:34,,
51.52,-0.11,fod_long_range_hourly,51,N,54,Monday,1688045758,1688947200,2023-07-10T01:00:00+0100,62,,NaN,NaN,63,29,2900,29.97,251,P Cloudy,Partly Cloudy,Partly Cloudy,15,rain,0.0,73,1,0.0,Partly,Cloudy,,63,Low,0,0.0,0,10.0,62,228,SW,9,wx1600,"51.52,-0.11",2023-07-10,2,+0100,F,2023-06-29 14:30:34,,
51.52,-0.11,fod_long_range_hourly,51,N,54,Monday,1688045758,1688950800,2023-07-10T02:00:00+0100,61,,NaN,NaN,62,29,2900,29.97,252,P Cloudy,Partly Cloudy,Partly Cloudy,15,rain,0.0,76,1,0.0,Partly,Cloudy,,62,Low,0,0.0,0,10.0,61,231,SW,8,wx1600,"51.52,-0.11",2023-07-10,3,+0100,F,2023-06-29 14:30:34,,
51.52,-0.11,fod_long_range_hourly,50,N,54,Monday,1688045758,1688954400,2023-07-10T03:00:00+0100,61,,NaN,NaN,61,29,2900,29.96,253,P Cloudy,Partly Cloudy,Partly Cloudy,16,rain,0.0,77,1,0.0,Partly,Cloudy,,61,Low,0,0.0,0,10.0,61,231,SW,8,wx1600,"51.52,-0.11",2023-07-10,4,+0100,F,2023-06-29 14:30:34,,
51.52,-0.11,fod_long_range_hourly,49,N,54,Monday,1688045758,1688958000,2023-07-10T04:00:00+0100,60,,NaN,NaN,61,29,2900,29.96,254,P Cloudy,Partly Cloudy,Partly Cloudy,11,rain,0.0,79,1,0.0,Partly,Cloudy,,61,Low,0,0.0,0,10.0,60,232,SW,8,wx1600,"51.52,-0.11",2023-07-10,5,+0100,F,2023-06-29 14:30:34,,
51.52,-0.11,fod_long_range_hourly,48,D,54,Monday,1688045758,1688961600,2023-07-10T05:00:00+0100,59,Very Good,8.0,NaN,60,30,3000,29.96,255,P Cloudy,Partly Cloudy,Partly Cloudy,10,rain,0.0,81,1,0.0,Partly,Cloudy,,60,Low,0,0.0,0,10.0,59,227,SW,8,wx1100,"51.52,-0.11",2023-07-10,6,+0100,F,2023-06-29 14:30:34,,
51.52,-0.11,fod_long_range_hourly,47,D,54,Monday,1688045758,1688965200,2023-07-10T06:00:00+0100,59,Very Good,8.0,NaN,60,30,3000,29.96,256,P Cloudy,Partly Cloudy,Partly Cloudy,10,rain,0.0,80,1,0.0,Partly,Cloudy,,60,Low,0,0.11,0,10.0,59,233,SW,8,wx1100,"51.52,-0.11",2023-07-10,7,+0100,F,2023-06-29 14:30:34,,
51.52,-0.11,fod_long_range_hourly,46,D,54,Monday,1688045758,1688968800,2023-07-10T07:00:00+0100,62,Very Good,8.0,NaN,62,30,3000,29.96,257,P Cloudy,Partly Cloudy,Partly Cloudy,16,rain,0.0,76,1,0.0,Partly,Cloudy,,62,Low,0,0.46,0,10.0,62,230,SW,9,wx1100,"51.52,-0.11",2023-07-10,8,+0100,F,2023-06-29 14:30:34,,
51.52,-0.11,fod_long_range_hourly,46,D,55,Monday,1688045758,1688972400,2023-07-10T08:00:00+0100,64,Very Good,9.0,NaN,64,30,3000,29.96,258,P Cloudy,Partly Cloudy,Partly Cloudy,17,rain,0.0,72,1,0.0,Partly,Cloudy,,64,Low,1,1.24,0,10.0,64,230,SW,9,wx1100,"51.52,-0.11",2023-07-10,9,+0100,F,2023-06-29 14:30:34,,
51.52,-0.11,fod_long_range_hourly,46,D,55,Monday,1688045758,1688976000,2023-07-10T09:00:00+0100,66,Very Good,9.0,NaN,66,30,3000,29.96,259,P Cloudy,Partly Cloudy,Partly Cloudy,18,rain,0.0,66,1,0.0,Partly,Cloudy,,66,Low,2,2.44,0,10.0,66,233,SW,10,wx1100,"51.52,-0.11",2023-07-10,10,+0100,F,2023-06-29 14:30:34,,
51.52,-0.11,fod_long_range_hourly,47,D,55,Monday,1688045758,1688979600,2023-07-10T10:00:00+0100,68,Excellent,10.0,NaN,68,30,3000,29.96,260,P Cloudy,Partly Cloudy,Partly Cloudy,15,rain,0.0,61,1,0.0,Partly,Cloudy,,68,Moderate,4,3.92,0,10.0,68,231,SW,10,wx1100,"51.52,-0.11",2023-07-10,11,+0100,F,2023-06-29 14:30:34,,
51.52,-0.11,fod_long_range_hourly,49,D,54,Monday,1688045758,1688983200,2023-07-10T11:00:00+0100,71,Excellent,10.0,NaN,71,30,3000,29.96,261,P Cloudy,Partly Cloudy,Partly Cloudy,14,rain,0.0,55,1,0.0,Partly,Cloudy,,71,Moderate,5,5.4,0,10.0,71,234,SW,11,wx1100,"51.52,-0.11",2023-07-10,12,+0100,F,2023-06-29 14:30:34,,
51.52,-0.11,fod_long_range_hourly,51,D,53,Monday,1688045758,1688986800,2023-07-10T12:00:00+0100,73,Excellent,10.0,NaN,73,30,3000,29.96,262,P Cloudy,Partly Cloudy,Partly Cloudy,15,rain,0.0,50,1,0.0,Partly,Cloudy,,73,High,6,6.02,0,10.0,73,233,SW,12,wx1100,"51.52,-0.11",2023-07-10,13,+0100,F,2023-06-29 14:30:34,,
51.52,-0.11,fod_long_range_hourly,53,D,53,Monday,1688045758,1688990400,2023-07-10T13:00:00+0100,74,Excellent,10.0,NaN,74,30,3000,29.96,263,P Cloudy,Partly Cloudy,Partly Cloudy,14,rain,0.0,47,1,0.0,Partly,Cloudy,,74,High,6,6.47,0,10.0,74,232,SW,12,wx1100,"51.52,-0.11",2023-07-10,14,+0100,F,2023-06-29 14:30:34,,
51.52,-0.11,fod_long_range_hourly,55,D,52,Monday,1688045758,1688994000,2023-07-10T14:00:00+0100,75,Excellent,10.0,NaN,75,30,3000,29.96,264,P Cloudy,Partly Cloudy,Partly Cloudy,15,rain,0.0,44,1,0.0,Partly,Cloudy,,75,High,6,6.16,0,10.0,75,234,SW,13,wx1100,"51.52,-0.11",2023-07-10,15,+0100,F,2023-06-29 14:30:34,,
51.52,-0.11,fod_long_range_hourly,56,D,51,Monday,1688045758,1688997600,2023-07-10T15:00:00+0100,75,Excellent,10.0,NaN,75,30,3000,29.96,265,P Cloudy,Partly Cloudy,Partly Cloudy,16,rain,0.0,43,1,0.0,Partly,Cloudy,,75,Moderate,5,5.19,0,10.0,75,233,SW,13,wx1100,"51.52,-0.11",2023-07-10,16,+0100,F,2023-06-29 14:30:34,,
51.52,-0.11,fod_long_range_hourly,58,D,52,Monday,1688045758,1689001200,2023-07-10T16:00:00+0100,75,Excellent,10.0,NaN,75,30,3000,29.95,266,P Cloudy,Partly Cloudy,Partly Cloudy,18,rain,0.0,44,1,0.0,Partly,Cloudy,,75,Moderate,4,3.86,0,10.0,75,233,SW,12,wx1100,"51.52,-0.11",2023-07-10,17,+0100,F,2023-06-29 14:30:34,,
51.52,-0.11,fod_long_range_hourly,58,D,52,Monday,1688045758,1689004800,2023-07-10T17:00:00+0100,74,Excellent,10.0,NaN,74,30,3000,29.95,267,P Cloudy,Partly Cloudy,Partly Cloudy,19,rain,0.0,45,1,0.0,Partly,Cloudy,,74,Low,2,2.48,0,10.0,74,234,SW,12,wx1100,"51.52,-0.11",2023-07-10,18,+0100,F,2023-06-29 14:30:34,,
51.52,-0.11,fod_long_range_hourly,57,D,52,Monday,1688045758,1689008400,2023-07-10T18:00:00+0100,74,Excellent,10.0,NaN,74,30,3000,29.95,268,P Cloudy,Partly Cloudy,Partly Cloudy,20,rain,0.0,47,1,0.0,Partly,Cloudy,,74,Low,1,1.31,0,10.0,74,235,SW,12,wx1100,"51.52,-0.11",2023-07-10,19,+0100,F,2023-06-29 14:30:34,,
51.52,-0.11,fod_long_range_hourly,56,D,53,Monday,1688045758,1689012000,2023-07-10T19:00:00+0100,72,Excellent,10.0,NaN,72,30,3000,29.95,269,P Cloudy,Partly Cloudy,Partly Cloudy,9,rain,0.0,50,1,0.0,Partly,Cloudy,,72,Low,1,0.52,0,10.0,72,235,SW,12,wx1100,"51.52,-0.11",2023-07-10,20,+0100,F,2023-06-29 14:30:34,,
51.52,-0.11,fod_long_range_hourly,55,D,53,Monday,1688045758,1689015600,2023-07-10T20:00:00+0100,71,Excellent,10.0,NaN,71,30,3000,29.95,270,P Cloudy,Partly Cloudy,Partly Cloudy,8,rain,0.0,54,1,0.0,Partly,Cloudy,,71,Low,0,0.13,0,10.0,71,233,SW,11,wx1100,"51.52,-0.11",2023-07-10,21,+0100,F,2023-06-29 14:30:34,,
51.52,-0.11,fod_long_range_hourly,54,D,54,Monday,1688045758,1689019200,2023-07-10T21:00:00+0100,69,Excellent,10.0,NaN,69,30,3000,29.95,271,P Cloudy,Partly Cloudy,Partly Cloudy,7,rain,0.0,58,1,0.0,Partly,Cloudy,,69,Low,0,0.08,0,10.0,69,231,SW,10,wx1100,"51.52,-0.11",2023-07-10,22,+0100,F,2023-06-29 14:30:34,,
51.52,-0.11,fod_long_range_hourly,52,N,53,Monday,1688045758,1689022800,2023-07-10T22:00:00+0100,67,,NaN,NaN,67,29,2900,29.96,272,P Cloudy,Partly Cloudy,Partly Cloudy,6,rain,0.0,62,1,0.0,Partly,Cloudy,,67,Low,0,0.0,0,10.0,67,232,SW,10,wx1600,"51.52,-0.11",2023-07-10,23,+0100,F,2023-06-29 14:30:34,,
51.52,-0.11,fod_long_range_hourly,51,N,53,Monday,1688045758,1689026400,2023-07-10T23:00:00+0100,65,,NaN,NaN,65,29,2900,29.96,273,P Cloudy,Partly Cloudy,Partly Cloudy,3,rain,0.0,65,1,0.0,Partly,Cloudy,,65,Low,0,0.0,0,10.0,65,235,SW,9,wx1600,"51.52,-0.11",2023-07-10,24,+0100,F,2023-06-29 14:30:34,,
51.52,-0.11,fod_long_range_hourly,50,N,54,Tuesday,1688045758,1689030000,2023-07-11T00:00:00+0100,63,,NaN,NaN,64,29,2900,29.96,274,P Cloudy,Partly Cloudy,Partly Cloudy,2,rain,0.0,70,1,0.0,Partly,Cloudy,,64,Low,0,0.0,0,10.0,63,238,WSW,8,wx1600,"51.52,-0.11",2023-07-11,1,+0100,F,2023-06-29 14:30:34,,
51.52,-0.11,fod_long_range_hourly,49,N,54,Tuesday,1688045758,1689033600,2023-07-11T01:00:00+0100,62,,NaN,NaN,62,29,2900,29.96,275,P Cloudy,Partly Cloudy,Partly Cloudy,10,rain,0.0,73,1,0.0,Partly,Cloudy,,62,Low,0,0.0,0,10.0,62,237,WSW,8,wx1600,"51.52,-0.11",2023-07-11,2,+0100,F,2023-06-29 14:30:34,,
51.52,-0.11,fod_long_range_hourly,49,N,54,Tuesday,1688045758,1689037200,2023-07-11T02:00:00+0100,61,,NaN,NaN,62,29,2900,29.96,276,P Cloudy,Partly Cloudy,Partly Cloudy,11,rain,0.0,76,1,0.0,Partly,Cloudy,,62,Low,0,0.0,0,10.0,61,239,WSW,7,wx1600,"51.52,-0.11",2023-07-11,3,+0100,F,2023-06-29 14:30:34,,
51.52,-0.11,fod_long_range_hourly,48,N,54,Tuesday,1688045758,1689040800,2023-07-11T03:00:00+0100,60,,NaN,NaN,61,29,2900,29.96,277,P Cloudy,Partly Cloudy,Partly Cloudy,11,rain,0.0,79,1,0.0,Partly,Cloudy,,61,Low,0,0.0,0,10.0,60,237,SW,7,wx1600,"51.52,-0.11",2023-07-11,4,+0100,F,2023-06-29 14:30:34,,
51.52,-0.11,fod_long_range_hourly,48,N,54,Tuesday,1688045758,1689044400,2023-07-11T04:00:00+0100,59,,NaN,NaN,60,29,2900,29.96,278,P Cloudy,Partly Cloudy,Partly Cloudy,12,rain,0.0,81,1,0.0,Partly,Cloudy,,60,Low,0,0.0,0,10.0,59,237,SW,7,wx1600,"51.52,-0.11",2023-07-11,5,+0100,F,2023-06-29 14:30:34,,
51.52,-0.11,fod_long_range_hourly,46,D,54,Tuesday,1688045758,1689048000,2023-07-11T05:00:00+0100,58,Very Good,8.0,NaN,59,30,3000,29.95,279,P Cloudy,Partly Cloudy,Partly Cloudy,12,rain,0.0,83,1,0.0,Partly,Cloudy,,59,Low,0,0.0,0,10.0,58,230,SW,7,wx1100,"51.52,-0.11",2023-07-11,6,+0100,F,2023-06-29 14:30:34,,
51.52,-0.11,fod_long_range_hourly,44,D,54,Tuesday,1688045758,1689051600,2023-07-11T06:00:00+0100,58,Very Good,8.0,NaN,59,30,3000,29.95,280,P Cloudy,Partly Cloudy,Partly Cloudy,11,rain,0.0,81,1,0.0,Partly,Cloudy,,59,Low,0,0.1,0,10.0,58,238,WSW,7,wx1100,"51.52,-0.11",2023-07-11,7,+0100,F,2023-06-29 14:30:34,,
51.52,-0.11,fod_long_range_hourly,44,D,54,Tuesday,1688045758,1689055200,2023-07-11T07:00:00+0100,60,Very Good,8.0,NaN,61,30,3000,29.95,281,P Cloudy,Partly Cloudy,Partly Cloudy,12,rain,0.0,79,1,0.0,Partly,Cloudy,,61,Low,0,0.45,0,10.0,60,233,SW,7,wx1100,"51.52,-0.11",2023-07-11,8,+0100,F,2023-06-29 14:30:34,,
51.52,-0.11,fod_long_range_hourly,46,D,55,Tuesday,1688045758,1689058800,2023-07-11T08:00:00+0100,62,Very Good,8.0,NaN,62,30,3000,29.95,282,P Cloudy,Partly Cloudy,Partly Cloudy,12,rain,0.0,76,1,0.0,Partly,Cloudy,,62,Low,1,1.23,0,10.0,62,235,SW,8,wx1100,"51.52,-0.11",2023-07-11,9,+0100,F,2023-06-29 14:30:34,,
51.52,-0.11,fod_long_range_hourly,48,D,55,Tuesday,1688045758,1689062400,2023-07-11T09:00:00+0100,65,Very Good,9.0,NaN,65,30,3000,29.95,283,P Cloudy,Partly Cloudy,Partly Cloudy,13,rain,0.0,70,1,0.0,Partly,Cloudy,,65,Low,2,2.43,0,10.0,65,239,WSW,9,wx1100,"51.52,-0.11",2023-07-11,10,+0100,F,2023-06-29 14:30:34,,
51.52,-0.11,fod_long_range_hourly,51,D,55,Tuesday,1688045758,1689066000,2023-07-11T10:00:00+0100,67,Very Good,9.0,NaN,67,30,3000,29.95,284,P Cloudy,Partly Cloudy,Partly Cloudy,17,rain,0.0,64,1,0.0,Partly,Cloudy,,67,Moderate,4,3.59,0,10.0,67,235,SW,9,wx1100,"51.52,-0.11",2023-07-11,11,+0100,F,2023-06-29 14:30:34,,
51.52,-0.11,fod_long_range_hourly,54,D,54,Tuesday,1688045758,1689069600,2023-07-11T11:00:00+0100,69,Excellent,10.0,NaN,69,30,3000,29.95,285,P Cloudy,Partly Cloudy,Partly Cloudy,16,rain,0.0,59,1,0.0,Partly,Cloudy,,69,Moderate,5,4.95,0,10.0,69,239,WSW,10,wx1100,"51.52,-0.11",2023-07-11,12,+0100,F,2023-06-29 14:30:34,,
51.52,-0.11,fod_long_range_hourly,56,D,53,Tuesday,1688045758,1689073200,2023-07-11T12:00:00+0100,71,Excellent,10.0,NaN,71,30,3000,29.95,286,P Cloudy,Partly Cloudy,Partly Cloudy,17,rain,0.0,54,1,0.0,Partly,Cloudy,,71,High,6,6.0,0,10.0,71,237,WSW,11,wx1100,"51.52,-0.11",2023-07-11,13,+0100,F,2023-06-29 14:30:34,,
51.52,-0.11,fod_long_range_hourly,58,D,53,Tuesday,1688045758,1689076800,2023-07-11T13:00:00+0100,73,Excellent,10.0,NaN,73,30,3000,29.95,287,P Cloudy,Partly Cloudy,Partly Cloudy,20,rain,0.0,50,1,0.0,Partly,Cloudy,,73,High,6,6.44,0,10.0,73,235,SW,11,wx1100,"51.52,-0.11",2023-07-11,14,+0100,F,2023-06-29 14:30:34,,
51.52,-0.11,fod_long_range_hourly,58,D,53,Tuesday,1688045758,1689080400,2023-07-11T14:00:00+0100,74,Excellent,10.0,NaN,74,30,3000,29.95,288,P Cloudy,Partly Cloudy,Partly Cloudy,20,rain,0.0,48,1,0.0,Partly,Cloudy,,74,High,6,6.14,0,10.0,74,235,SW,12,wx1100,"51.52,-0.11",2023-07-11,15,+0100,F,2023-06-29 14:30:34,,
51.52,-0.11,fod_long_range_hourly,59,D,52,Tuesday,1688045758,1689084000,2023-07-11T15:00:00+0100,74,Excellent,10.0,NaN,74,30,3000,29.94,289,P Cloudy,Partly Cloudy,Partly Cloudy,20,rain,0.0,46,1,0.0,Partly,Cloudy,,74,Moderate,5,5.18,0,10.0,74,235,SW,12,wx1100,"51.52,-0.11",2023-07-11,16,+0100,F,2023-06-29 14:30:34,,
51.52,-0.11,fod_long_range_hourly,59,D,52,Tuesday,1688045758,1689087600,2023-07-11T16:00:00+0100,75,Excellent,10.0,NaN,75,30,3000,29.94,290,P Cloudy,Partly Cloudy,Partly Cloudy,19,rain,0.0,46,1,0.0,Partly,Cloudy,,75,Moderate,4,3.85,0,10.0,75,234,SW,12,wx1100,"51.52,-0.11",2023-07-11,17,+0100,F,2023-06-29 14:30:34,,
51.52,-0.11,fod_long_range_hourly,60,D,53,Tuesday,1688045758,1689091200,2023-07-11T17:00:00+0100,74,Excellent,10.0,NaN,74,28,2800,29.93,291,M Cloudy,Mostly Cloudy,Mostly Cloudy,19,rain,0.0,47,1,0.0,Mostly,Cloudy,,74,Low,2,2.47,0,10.0,74,236,SW,12,wx1200,"51.52,-0.11",2023-07-11,18,+0100,F,2023-06-29 14:30:34,,
51.52,-0.11,fod_long_range_hourly,61,D,53,Tuesday,1688045758,1689094800,2023-07-11T18:00:00+0100,73,Excellent,10.0,NaN,73,28,2800,29.93,292,M Cloudy,Mostly Cloudy,Mostly Cloudy,18,rain,0.0,49,1,0.0,Mostly,Cloudy,,73,Low,1,1.31,0,10.0,73,237,WSW,12,wx1200,"51.52,-0.11",2023-07-11,19,+0100,F,2023-06-29 14:30:34,,
51.52,-0.11,fod_long_range_hourly,62,D,54,Tuesday,1688045758,1689098400,2023-07-11T19:00:00+0100,72,Excellent,10.0,NaN,72,28,2800,29.93,293,M Cloudy,Mostly Cloudy,Mostly Cloudy,1,rain,0.0,52,1,0.0,Mostly,Cloudy,,72,Low,1,0.51,0,10.0,72,237,WSW,11,wx1200,"51.52,-0.11",2023-07-11,20,+0100,F,2023-06-29 14:30:34,,
51.52,-0.11,fod_long_range_hourly,61,D,54,Tuesday,1688045758,1689102000,2023-07-11T20:00:00+0100,70,Excellent,10.0,NaN,70,28,2800,29.93,294,M Cloudy,Mostly Cloudy,Mostly Cloudy,1,rain,0.0,56,1,0.0,Mostly,Cloudy,,70,Low,0,0.13,0,10.0,70,236,SW,11,wx1200,"51.52,-0.11",2023-07-11,21,+0100,F,2023-06-29 14:30:34,,
51.52,-0.11,fod_long_range_hourly,59,D,54,Tuesday,1688045758,1689105600,2023-07-11T21:00:00+0100,69,Excellent,10.0,NaN,69,30,3000,29.93,295,P Cloudy,Partly Cloudy,Partly Cloudy,1,rain,0.0,60,1,0.0,Partly,Cloudy,,69,Low,0,0.08,0,10.0,69,233,SW,10,wx1100,"51.52,-0.11",2023-07-11,22,+0100,F,2023-06-29 14:30:34,,
51.52,-0.11,fod_long_range_hourly,56,N,54,Tuesday,1688045758,1689109200,2023-07-11T22:00:00+0100,67,,NaN,NaN,67,29,2900,29.94,296,P Cloudy,Partly Cloudy,Partly Cloudy,1,rain,0.0,63,1,0.0,Partly,Cloudy,,67,Low,0,0.0,0,10.0,67,237,SW,9,wx1600,"51.52,-0.11",2023-07-11,23,+0100,F,2023-06-29 14:30:34,,
51.52,-0.11,fod_long_range_hourly,54,N,54,Tuesday,1688045758,1689112800,2023-07-11T23:00:00+0100,65,,NaN,NaN,65,29,2900,29.95,297,P Cloudy,Partly Cloudy,Partly Cloudy,2,rain,0.0,66,1,0.0,Partly,Cloudy,,65,Low,0,0.0,0,10.0,65,242,WSW,8,wx1600,"51.52,-0.11",2023-07-11,24,+0100,F,2023-06-29 14:30:34,,
51.52,-0.11,fod_long_range_hourly,51,N,54,Wednesday,1688045758,1689116400,2023-07-12T00:00:00+0100,64,,NaN,NaN,64,29,2900,29.95,298,P Cloudy,Partly Cloudy,Partly Cloudy,3,rain,0.0,69,1,0.0,Partly,Cloudy,,64,Low,0,0.0,0,10.0,64,247,WSW,8,wx1600,"51.52,-0.11",2023-07-12,1,+0100,F,2023-06-29 14:30:34,,
51.52,-0.11,fod_long_range_hourly,50,N,54,Wednesday,1688045758,1689120000,2023-07-12T01:00:00+0100,62,,NaN,NaN,62,29,2900,29.95,299,P Cloudy,Partly Cloudy,Partly Cloudy,24,rain,0.0,73,1,0.0,Partly,Cloudy,,62,Low,0,0.0,0,10.0,62,245,WSW,7,wx1600,"51.52,-0.11",2023-07-12,2,+0100,F,2023-06-29 14:30:34,,
51.52,-0.11,fod_long_range_hourly,51,N,54,Wednesday,1688045758,1689123600,2023-07-12T02:00:00+0100,61,,NaN,NaN,62,29,2900,29.95,300,P Cloudy,Partly Cloudy,Partly Cloudy,24,rain,0.0,75,1,0.0,Partly,Cloudy,,62,Low,0,0.0,0,10.0,61,249,WSW,7,wx1600,"51.52,-0.11",2023-07-12,3,+0100,F,2023-06-29 14:30:34,,
51.52,-0.11,fod_long_range_hourly,51,N,53,Wednesday,1688045758,1689127200,2023-07-12T03:00:00+0100,60,,NaN,NaN,61,29,2900,29.94,301,P Cloudy,Partly Cloudy,Partly Cloudy,24,rain,0.0,76,1,0.0,Partly,Cloudy,,61,Low,0,0.0,0,10.0,60,247,WSW,6,wx1600,"51.52,-0.11",2023-07-12,4,+0100,F,2023-06-29 14:30:34,,
51.52,-0.11,fod_long_range_hourly,51,N,53,Wednesday,1688045758,1689130800,2023-07-12T04:00:00+0100,59,,NaN,NaN,60,29,2900,29.94,302,P Cloudy,Partly Cloudy,Partly Cloudy,24,rain,0.0,79,1,0.0,Partly,Cloudy,,60,Low,0,0.0,0,10.0,59,248,WSW,6,wx1600,"51.52,-0.11",2023-07-12,5,+0100,F,2023-06-29 14:30:34,,
51.52,-0.11,fod_long_range_hourly,52,D,53,Wednesday,1688045758,1689134400,2023-07-12T05:00:00+0100,59,Very Good,8.0,NaN,59,30,3000,29.93,303,P Cloudy,Partly Cloudy,Partly Cloudy,24,rain,0.0,80,1,0.0,Partly,Cloudy,,59,Low,0,0.0,0,10.0,59,238,WSW,6,wx1100,"51.52,-0.11",2023-07-12,6,+0100,F,2023-06-29 14:30:34,,
51.52,-0.11,fod_long_range_hourly,53,D,54,Wednesday,1688045758,1689138000,2023-07-12T06:00:00+0100,59,Very Good,8.0,NaN,60,30,3000,29.93,304,P Cloudy,Partly Cloudy,Partly Cloudy,24,rain,0.0,80,1,0.0,Partly,Cloudy,,60,Low,0,0.09,0,10.0,59,245,WSW,6,wx1100,"51.52,-0.11",2023-07-12,7,+0100,F,2023-06-29 14:30:34,,
51.52,-0.11,fod_long_range_hourly,54,D,54,Wednesday,1688045758,1689141600,2023-07-12T07:00:00+0100,60,Very Good,8.0,NaN,61,30,3000,29.93,305,P Cloudy,Partly Cloudy,Partly Cloudy,17,rain,0.0,77,1,0.0,Partly,Cloudy,,61,Low,0,0.41,0,10.0,60,236,SW,7,wx1100,"51.52,-0.11",2023-07-12,8,+0100,F,2023-06-29 14:30:34,,
51.52,-0.11,fod_long_range_hourly,55,D,54,Wednesday,1688045758,1689145200,2023-07-12T08:00:00+0100,63,Very Good,9.0,NaN,63,30,3000,29.93,306,P Cloudy,Partly Cloudy,Partly Cloudy,16,rain,0.0,74,1,0.0,Partly,Cloudy,,63,Low,1,1.12,0,10.0,63,235,SW,7,wx1100,"51.52,-0.11",2023-07-12,9,+0100,F,2023-06-29 14:30:34,,
51.52,-0.11,fod_long_range_hourly,57,D,55,Wednesday,1688045758,1689148800,2023-07-12T09:00:00+0100,65,Very Good,9.0,NaN,65,30,3000,29.93,307,P Cloudy,Partly Cloudy,Partly Cloudy,20,rain,0.0,68,1,0.0,Partly,Cloudy,,65,Low,2,2.22,0,10.0,65,239,WSW,8,wx1100,"51.52,-0.11",2023-07-12,10,+0100,F,2023-06-29 14:30:34,,
51.52,-0.11,fod_long_range_hourly,59,D,54,Wednesday,1688045758,1689152400,2023-07-12T10:00:00+0100,68,Excellent,10.0,NaN,68,30,3000,29.93,308,P Cloudy,Partly Cloudy,Partly Cloudy,22,rain,0.0,62,1,0.0,Partly,Cloudy,,68,Moderate,4,3.57,0,10.0,68,234,SW,8,wx1100,"51.52,-0.11",2023-07-12,11,+0100,F,2023-06-29 14:30:34,,
51.52,-0.11,fod_long_range_hourly,60,D,54,Wednesday,1688045758,1689156000,2023-07-12T11:00:00+0100,70,Excellent,10.0,NaN,70,28,2800,29.93,309,M Cloudy,Mostly Cloudy,Mostly Cloudy,24,rain,0.0,57,1,0.0,Mostly,Cloudy,,70,Moderate,5,4.93,0,10.0,70,238,WSW,9,wx1200,"51.52,-0.11",2023-07-12,12,+0100,F,2023-06-29 14:30:34,,
51.52,-0.11,fod_long_range_hourly,60,D,54,Wednesday,1688045758,1689159600,2023-07-12T12:00:00+0100,72,Excellent,10.0,NaN,72,28,2800,29.93,310,M Cloudy,Mostly Cloudy,Mostly Cloudy,24,rain,0.0,52,1,0.0,Mostly,Cloudy,,72,High,6,5.98,0,10.0,72,237,SW,10,wx1200,"51.52,-0.11",2023-07-12,13,+0100,F,2023-06-29 14:30:34,,
51.52,-0.11,fod_long_range_hourly,60,D,53,Wednesday,1688045758,1689163200,2023-07-12T13:00:00+0100,74,Excellent,10.0,NaN,74,28,2800,29.93,311,M Cloudy,Mostly Cloudy,Mostly Cloudy,24,rain,0.0,48,1,0.0,Mostly,Cloudy,,74,High,6,6.42,0,10.0,74,234,SW,10,wx1200,"51.52,-0.11",2023-07-12,14,+0100,F,2023-06-29 14:30:34,,
51.52,-0.11,fod_long_range_hourly,61,D,53,Wednesday,1688045758,1689166800,2023-07-12T14:00:00+0100,75,Excellent,10.0,NaN,75,28,2800,29.93,312,M Cloudy,Mostly Cloudy,Mostly Cloudy,24,rain,0.0,46,1,0.0,Mostly,Cloudy,,75,High,6,6.12,0,10.0,75,233,SW,11,wx1200,"51.52,-0.11",2023-07-12,15,+0100,F,2023-06-29 14:30:34,,
51.52,-0.11,fod_long_range_hourly,61,D,52,Wednesday,1688045758,1689170400,2023-07-12T15:00:00+0100,75,Excellent,10.0,NaN,75,28,2800,29.92,313,M Cloudy,Mostly Cloudy,Mostly Cloudy,24,rain,0.0,44,1,0.0,Mostly,Cloudy,,75,Moderate,5,5.16,0,10.0,75,229,SW,11,wx1200,"51.52,-0.11",2023-07-12,16,+0100,F,2023-06-29 14:30:34,,
51.52,-0.11,fod_long_range_hourly,61,D,52,Wednesday,1688045758,1689174000,2023-07-12T16:00:00+0100,76,Excellent,10.0,NaN,76,28,2800,29.91,314,M Cloudy,Mostly Cloudy,Mostly Cloudy,24,rain,0.0,44,1,0.0,Mostly,Cloudy,,76,Moderate,4,3.83,0,10.0,76,225,SW,11,wx1200,"51.52,-0.11",2023-07-12,17,+0100,F,2023-06-29 14:30:34,,
51.52,-0.11,fod_long_range_hourly,62,D,52,Wednesday,1688045758,1689177600,2023-07-12T17:00:00+0100,75,Good,7.0,NaN,75,11,4600,29.91,315,Few Showers,Few Showers,Few Showers,30,rain,0.01,44,1,0.0,Few,Showers,,75,Low,2,2.46,0,10.0,75,229,SW,11,wx2000,"51.52,-0.11",2023-07-12,18,+0100,F,2023-06-29 14:30:34,,
51.52,-0.11,fod_long_range_hourly,62,D,53,Wednesday,1688045758,1689181200,2023-07-12T18:00:00+0100,74,Good,7.0,NaN,74,11,4600,29.9,316,Few Showers,Few Showers,Few Showers,31,rain,0.01,47,1,0.0,Few,Showers,,74,Low,1,1.3,0,10.0,74,230,SW,11,wx2000,"51.52,-0.11",2023-07-12,19,+0100,F,2023-06-29 14:30:34,,
51.52,-0.11,fod_long_range_hourly,61,D,54,Wednesday,1688045758,1689184800,2023-07-12T19:00:00+0100,73,Excellent,10.0,NaN,73,28,2800,29.9,317,M Cloudy,Mostly Cloudy,Mostly Cloudy,18,rain,0.0,50,1,0.0,Mostly,Cloudy,,73,Low,1,0.51,0,10.0,73,230,SW,11,wx1200,"51.52,-0.11",2023-07-12,20,+0100,F,2023-06-29 14:30:34,,
51.52,-0.11,fod_long_range_hourly,60,D,54,Wednesday,1688045758,1689188400,2023-07-12T20:00:00+0100,71,Excellent,10.0,NaN,71,28,2800,29.9,318,M Cloudy,Mostly Cloudy,Mostly Cloudy,16,rain,0.0,55,1,0.0,Mostly,Cloudy,,71,Low,0,0.12,0,10.0,71,228,SW,11,wx1200,"51.52,-0.11",2023-07-12,21,+0100,F,2023-06-29 14:30:34,,
51.52,-0.11,fod_long_range_hourly,59,D,55,Wednesday,1688045758,1689192000,2023-07-12T21:00:00+0100,69,Excellent,10.0,NaN,69,30,3000,29.91,319,P Cloudy,Partly Cloudy,Partly Cloudy,14,rain,0.0,59,1,0.0,Partly,Cloudy,,69,Low,0,0.09,0,10.0,69,225,SW,10,wx1100,"51.52,-0.11",2023-07-12,22,+0100,F,2023-06-29 14:30:34,,
51.52,-0.11,fod_long_range_hourly,57,N,55,Wednesday,1688045758,1689195600,2023-07-12T22:00:00+0100,67,,NaN,NaN,67,29,2900,29.91,320,P Cloudy,Partly Cloudy,Partly Cloudy,16,rain,0.0,64,1,0.0,Partly,Cloudy,,67,Low,0,0.0,0,10.0,67,229,SW,9,wx1600,"51.52,-0.11",2023-07-12,23,+0100,F,2023-06-29 14:30:34,,
51.52,-0.11,fod_long_range_hourly,56,N,55,Wednesday,1688045758,1689199200,2023-07-12T23:00:00+0100,66,,NaN,NaN,66,29,2900,29.91,321,P Cloudy,Partly Cloudy,Partly Cloudy,10,rain,0.0,67,1,0.0,Partly,Cloudy,,66,Low,0,0.0,0,10.0,66,237,SW,9,wx1600,"51.52,-0.11",2023-07-12,24,+0100,F,2023-06-29 14:30:34,,
51.52,-0.11,fod_long_range_hourly,55,N,55,Thursday,1688045758,1689202800,2023-07-13T00:00:00+0100,65,,NaN,NaN,65,29,2900,29.92,322,P Cloudy,Partly Cloudy,Partly Cloudy,12,rain,0.0,72,1,0.0,Partly,Cloudy,,65,Low,0,0.0,0,10.0,65,242,WSW,8,wx1600,"51.52,-0.11",2023-07-13,1,+0100,F,2023-06-29 14:30:34,,
51.52,-0.11,fod_long_range_hourly,54,N,55,Thursday,1688045758,1689206400,2023-07-13T01:00:00+0100,63,,NaN,NaN,63,29,2900,29.92,323,P Cloudy,Partly Cloudy,Partly Cloudy,16,rain,0.0,74,1,0.0,Partly,Cloudy,,63,Low,0,0.0,0,10.0,63,240,WSW,7,wx1600,"51.52,-0.11",2023-07-13,2,+0100,F,2023-06-29 14:30:34,,
51.52,-0.11,fod_long_range_hourly,52,N,55,Thursday,1688045758,1689210000,2023-07-13T02:00:00+0100,62,,NaN,NaN,62,29,2900,29.91,324,P Cloudy,Partly Cloudy,Partly Cloudy,17,rain,0.0,77,1,0.0,Partly,Cloudy,,62,Low,0,0.0,0,10.0,62,248,WSW,7,wx1600,"51.52,-0.11",2023-07-13,3,+0100,F,2023-06-29 14:30:34,,
51.52,-0.11,fod_long_range_hourly,50,N,55,Thursday,1688045758,1689213600,2023-07-13T03:00:00+0100,61,,NaN,NaN,61,29,2900,29.91,325,P Cloudy,Partly Cloudy,Partly Cloudy,17,rain,0.0,79,1,0.0,Partly,Cloudy,,61,Low,0,0.0,0,10.0,61,248,WSW,7,wx1600,"51.52,-0.11",2023-07-13,4,+0100,F,2023-06-29 14:30:34,,
51.52,-0.11,fod_long_range_hourly,48,N,55,Thursday,1688045758,1689217200,2023-07-13T04:00:00+0100,60,,NaN,NaN,61,29,2900,29.91,326,P Cloudy,Partly Cloudy,Partly Cloudy,18,rain,0.0,81,1,0.0,Partly,Cloudy,,61,Low,0,0.0,0,10.0,60,251,WSW,7,wx1600,"51.52,-0.11",2023-07-13,5,+0100,F,2023-06-29 14:30:34,,
51.52,-0.11,fod_long_range_hourly,47,D,55,Thursday,1688045758,1689220800,2023-07-13T05:00:00+0100,59,Very Good,8.0,NaN,60,30,3000,29.91,327,P Cloudy,Partly Cloudy,Partly Cloudy,18,rain,0.0,83,1,0.0,Partly,Cloudy,,60,Low,0,0.0,0,10.0,59,244,WSW,7,wx1100,"51.52,-0.11",2023-07-13,6,+0100,F,2023-06-29 14:30:34,,
51.52,-0.11,fod_long_range_hourly,48,D,55,Thursday,1688045758,1689224400,2023-07-13T06:00:00+0100,60,Very Good,8.0,NaN,60,30,3000,29.91,328,P Cloudy,Partly Cloudy,Partly Cloudy,17,rain,0.0,84,1,0.0,Partly,Cloudy,,60,Low,0,0.1,0,10.0,60,251,WSW,7,wx1100,"51.52,-0.11",2023-07-13,7,+0100,F,2023-06-29 14:30:34,,
51.52,-0.11,fod_long_range_hourly,49,D,56,Thursday,1688045758,1689228000,2023-07-13T07:00:00+0100,61,Very Good,8.0,NaN,61,30,3000,29.91,329,P Cloudy,Partly Cloudy,Partly Cloudy,8,rain,0.0,81,1,0.0,Partly,Cloudy,,61,Low,0,0.43,0,10.0,61,245,WSW,7,wx1100,"51.52,-0.11",2023-07-13,8,+0100,F,2023-06-29 14:30:34,,
51.52,-0.11,fod_long_range_hourly,50,D,56,Thursday,1688045758,1689231600,2023-07-13T08:00:00+0100,63,Very Good,9.0,NaN,63,30,3000,29.91,330,P Cloudy,Partly Cloudy,Partly Cloudy,11,rain,0.0,77,1,0.0,Partly,Cloudy,,63,Low,1,1.11,0,10.0,63,245,WSW,8,wx1100,"51.52,-0.11",2023-07-13,9,+0100,F,2023-06-29 14:30:34,,
51.52,-0.11,fod_long_range_hourly,52,D,56,Thursday,1688045758,1689235200,2023-07-13T09:00:00+0100,66,Very Good,9.0,NaN,66,30,3000,29.91,331,P Cloudy,Partly Cloudy,Partly Cloudy,20,rain,0.0,72,1,0.0,Partly,Cloudy,,66,Low,2,2.2,0,10.0,66,250,WSW,8,wx1100,"51.52,-0.11",2023-07-13,10,+0100,F,2023-06-29 14:30:34,,
51.52,-0.11,fod_long_range_hourly,54,D,56,Thursday,1688045758,1689238800,2023-07-13T10:00:00+0100,68,Excellent,10.0,NaN,68,30,3000,29.92,332,P Cloudy,Partly Cloudy,Partly Cloudy,18,rain,0.0,65,1,0.0,Partly,Cloudy,,68,Moderate,4,3.55,0,10.0,68,245,WSW,9,wx1100,"51.52,-0.11",2023-07-13,11,+0100,F,2023-06-29 14:30:34,,
51.52,-0.11,fod_long_range_hourly,57,D,55,Thursday,1688045758,1689242400,2023-07-13T11:00:00+0100,70,Excellent,10.0,NaN,70,30,3000,29.92,333,P Cloudy,Partly Cloudy,Partly Cloudy,18,rain,0.0,59,1,0.0,Partly,Cloudy,,70,Moderate,5,4.9,0,10.0,70,248,WSW,10,wx1100,"51.52,-0.11",2023-07-13,12,+0100,F,2023-06-29 14:30:34,,
51.52,-0.11,fod_long_range_hourly,59,D,55,Thursday,1688045758,1689246000,2023-07-13T12:00:00+0100,72,Excellent,10.0,NaN,72,30,3000,29.92,334,P Cloudy,Partly Cloudy,Partly Cloudy,18,rain,0.0,55,1,0.0,Partly,Cloudy,,72,High,6,5.95,0,10.0,72,246,WSW,10,wx1100,"51.52,-0.11",2023-07-13,13,+0100,F,2023-06-29 14:30:34,,
51.52,-0.11,fod_long_range_hourly,61,D,54,Thursday,1688045758,1689249600,2023-07-13T13:00:00+0100,74,Excellent,10.0,NaN,74,28,2800,29.93,335,M Cloudy,Mostly Cloudy,Mostly Cloudy,20,rain,0.0,50,1,0.0,Mostly,Cloudy,,74,High,6,6.4,0,10.0,74,245,WSW,11,wx1200,"51.52,-0.11",2023-07-13,14,+0100,F,2023-06-29 14:30:34,,
51.52,-0.11,fod_long_range_hourly,62,D,54,Thursday,1688045758,1689253200,2023-07-13T14:00:00+0100,74,Excellent,10.0,NaN,74,28,2800,29.93,336,M Cloudy,Mostly Cloudy,Mostly Cloudy,20,rain,0.0,48,1,0.0,Mostly,Cloudy,,74,High,6,6.1,0,10.0,74,244,WSW,11,wx1200,"51.52,-0.11",2023-07-13,15,+0100,F,2023-06-29 14:30:34,,
51.52,-0.11,fod_long_range_hourly,64,D,54,Thursday,1688045758,1689256800,2023-07-13T15:00:00+0100,75,Excellent,10.0,NaN,75,28,2800,29.92,337,M Cloudy,Mostly Cloudy,Mostly Cloudy,19,rain,0.0,48,1,0.0,Mostly,Cloudy,,75,Moderate,4,4.47,0,10.0,75,240,WSW,11,wx1200,"51.52,-0.11",2023-07-13,16,+0100,F,2023-06-29 14:30:34,,
51.52,-0.11,fod_long_range_hourly,66,D,54,Thursday,1688045758,1689260400,2023-07-13T16:00:00+0100,75,Excellent,10.0,NaN,75,28,2800,29.92,338,M Cloudy,Mostly Cloudy,Mostly Cloudy,18,rain,0.0,48,1,0.0,Mostly,Cloudy,,75,Moderate,3,3.32,0,10.0,75,237,SW,11,wx1200,"51.52,-0.11",2023-07-13,17,+0100,F,2023-06-29 14:30:34,,
51.52,-0.11,fod_long_range_hourly,66,D,54,Thursday,1688045758,1689264000,2023-07-13T17:00:00+0100,74,Excellent,10.0,NaN,74,28,2800,29.91,339,M Cloudy,Mostly Cloudy,Mostly Cloudy,16,rain,0.0,49,1,0.0,Mostly,Cloudy,,74,Low,2,2.13,0,10.0,74,240,WSW,12,wx1200,"51.52,-0.11",2023-07-13,18,+0100,F,2023-06-29 14:30:34,,
51.52,-0.11,fod_long_range_hourly,66,D,55,Thursday,1688045758,1689267600,2023-07-13T18:00:00+0100,74,Excellent,10.0,NaN,74,28,2800,29.91,340,M Cloudy,Mostly Cloudy,Mostly Cloudy,14,rain,0.0,51,1,0.0,Mostly,Cloudy,,74,Low,1,1.12,0,10.0,74,240,WSW,12,wx1200,"51.52,-0.11",2023-07-13,19,+0100,F,2023-06-29 14:30:34,,
51.52,-0.11,fod_long_range_hourly,65,D,55,Thursday,1688045758,1689271200,2023-07-13T19:00:00+0100,73,Excellent,10.0,NaN,73,28,2800,29.91,341,M Cloudy,Mostly Cloudy,Mostly Cloudy,1,rain,0.0,54,1,0.0,Mostly,Cloudy,,73,Low,0,0.44,0,10.0,73,239,WSW,12,wx1200,"51.52,-0.11",2023-07-13,20,+0100,F,2023-06-29 14:30:34,,
51.52,-0.11,fod_long_range_hourly,65,D,55,Thursday,1688045758,1689274800,2023-07-13T20:00:00+0100,71,Excellent,10.0,NaN,71,28,2800,29.91,342,M Cloudy,Mostly Cloudy,Mostly Cloudy,1,rain,0.0,57,1,0.0,Mostly,Cloudy,,71,Low,0,0.11,0,10.0,71,234,SW,11,wx1200,"51.52,-0.11",2023-07-13,21,+0100,F,2023-06-29 14:30:34,,
51.52,-0.11,fod_long_range_hourly,63,D,55,Thursday,1688045758,1689278400,2023-07-13T21:00:00+0100,69,Excellent,10.0,NaN,69,28,2800,29.92,343,M Cloudy,Mostly Cloudy,Mostly Cloudy,1,rain,0.0,61,1,0.0,Mostly,Cloudy,,69,Low,0,0.08,0,10.0,69,229,SW,10,wx1200,"51.52,-0.11",2023-07-13,22,+0100,F,2023-06-29 14:30:34,,
51.52,-0.11,fod_long_range_hourly,61,N,55,Thursday,1688045758,1689282000,2023-07-13T22:00:00+0100,67,,NaN,NaN,67,27,2700,29.93,344,M Cloudy,Mostly Cloudy,Mostly Cloudy,2,rain,0.0,64,1,0.0,Mostly,Cloudy,,67,Low,0,0.0,0,10.0,67,234,SW,9,wx1200,"51.52,-0.11",2023-07-13,23,+0100,F,2023-06-29 14:30:34,,
51.52,-0.11,fod_long_range_hourly,58,N,55,Thursday,1688045758,1689285600,2023-07-13T23:00:00+0100,66,,NaN,NaN,66,29,2900,29.93,345,P Cloudy,Partly Cloudy,Partly Cloudy,3,rain,0.0,67,1,0.0,Partly,Cloudy,,66,Low,0,0.0,0,10.0,66,238,WSW,9,wx1600,"51.52,-0.11",2023-07-13,24,+0100,F,2023-06-29 14:30:34,,
51.52,-0.11,fod_long_range_hourly,55,N,55,Friday,1688045758,1689289200,2023-07-14T00:00:00+0100,65,,NaN,NaN,65,29,2900,29.94,346,P Cloudy,Partly Cloudy,Partly Cloudy,3,rain,0.0,71,1,0.0,Partly,Cloudy,,65,Low,0,0.0,0,10.0,65,245,WSW,8,wx1600,"51.52,-0.11",2023-07-14,1,+0100,F,2023-06-29 14:30:34,,
51.52,-0.11,fod_long_range_hourly,53,N,55,Friday,1688045758,1689292800,2023-07-14T01:00:00+0100,63,,NaN,NaN,63,29,2900,29.94,347,P Cloudy,Partly Cloudy,Partly Cloudy,4,rain,0.0,73,1,0.0,Partly,Cloudy,,63,Low,0,0.0,0,10.0,63,243,WSW,8,wx1600,"51.52,-0.11",2023-07-14,2,+0100,F,2023-06-29 14:30:34,,
51.52,-0.11,fod_long_range_hourly,51,N,55,Friday,1688045758,1689296400,2023-07-14T02:00:00+0100,62,,NaN,NaN,62,29,2900,29.94,348,P Cloudy,Partly Cloudy,Partly Cloudy,4,rain,0.0,76,1,0.0,Partly,Cloudy,,62,Low,0,0.0,0,10.0,62,248,WSW,7,wx1600,"51.52,-0.11",2023-07-14,3,+0100,F,2023-06-29 14:30:34,,
51.52,-0.11,fod_long_range_hourly,51,N,55,Friday,1688045758,1689300000,2023-07-14T03:00:00+0100,61,,NaN,NaN,61,29,2900,29.94,349,P Cloudy,Partly Cloudy,Partly Cloudy,5,rain,0.0,79,1,0.0,Partly,Cloudy,,61,Low,0,0.0,0,10.0,61,247,WSW,7,wx1600,"51.52,-0.11",2023-07-14,4,+0100,F,2023-06-29 14:30:34,,
51.52,-0.11,fod_long_range_hourly,50,N,54,Friday,1688045758,1689303600,2023-07-14T04:00:00+0100,59,,NaN,NaN,60,29,2900,29.94,350,P Cloudy,Partly Cloudy,Partly Cloudy,5,rain,0.0,81,1,0.0,Partly,Cloudy,,60,Low,0,0.0,0,10.0,59,250,WSW,7,wx1600,"51.52,-0.11",2023-07-14,5,+0100,F,2023-06-29 14:30:34,,
51.52,-0.11,fod_long_range_hourly,50,D,54,Friday,1688045758,1689307200,2023-07-14T05:00:00+0100,59,Very Good,8.0,NaN,60,30,3000,29.94,351,P Cloudy,Partly Cloudy,Partly Cloudy,5,rain,0.0,82,1,0.0,Partly,Cloudy,,60,Low,0,0.0,0,10.0,59,242,WSW,7,wx1100,"51.52,-0.11",2023-07-14,6,+0100,F,2023-06-29 14:30:34,,
51.52,-0.11,fod_long_range_hourly,49,D,55,Friday,1688045758,1689310800,2023-07-14T06:00:00+0100,59,Very Good,8.0,NaN,60,30,3000,29.94,352,P Cloudy,Partly Cloudy,Partly Cloudy,5,rain,0.0,83,1,0.0,Partly,Cloudy,,60,Low,0,0.1,0,10.0,59,249,WSW,7,wx1100,"51.52,-0.11",2023-07-14,7,+0100,F,2023-06-29 14:30:34,,
51.52,-0.11,fod_long_range_hourly,49,D,55,Friday,1688045758,1689314400,2023-07-14T07:00:00+0100,60,Very Good,8.0,NaN,61,30,3000,29.94,353,P Cloudy,Partly Cloudy,Partly Cloudy,17,rain,0.0,80,1,0.0,Partly,Cloudy,,61,Low,0,0.43,0,10.0,60,241,WSW,8,wx1100,"51.52,-0.11",2023-07-14,8,+0100,F,2023-06-29 14:30:34,,
51.52,-0.11,fod_long_range_hourly,50,D,56,Friday,1688045758,1689318000,2023-07-14T08:00:00+0100,62,Very Good,9.0,NaN,63,30,3000,29.94,354,P Cloudy,Partly Cloudy,Partly Cloudy,22,rain,0.0,78,1,0.0,Partly,Cloudy,,63,Low,1,1.09,0,10.0,62,238,WSW,8,wx1100,"51.52,-0.11",2023-07-14,9,+0100,F,2023-06-29 14:30:34,,
51.52,-0.11,fod_long_range_hourly,53,D,56,Friday,1688045758,1689321600,2023-07-14T09:00:00+0100,65,Very Good,9.0,NaN,65,30,3000,29.94,355,P Cloudy,Partly Cloudy,Partly Cloudy,21,rain,0.0,72,1,0.0,Partly,Cloudy,,65,Low,2,2.18,0,10.0,65,242,WSW,8,wx1100,"51.52,-0.11",2023-07-14,10,+0100,F,2023-06-29 14:30:34,,
51.52,-0.11,fod_long_range_hourly,57,D,56,Friday,1688045758,1689325200,2023-07-14T10:00:00+0100,67,Very Good,9.0,NaN,67,30,3000,29.94,356,P Cloudy,Partly Cloudy,Partly Cloudy,21,rain,0.0,67,1,0.0,Partly,Cloudy,,67,Moderate,4,3.53,0,10.0,67,233,SW,9,wx1100,"51.52,-0.11",2023-07-14,11,+0100,F,2023-06-29 14:30:34,,
51.52,-0.11,fod_long_range_hourly,61,D,55,Friday,1688045758,1689328800,2023-07-14T11:00:00+0100,69,Excellent,10.0,NaN,69,28,2800,29.94,357,M Cloudy,Mostly Cloudy,Mostly Cloudy,23,rain,0.0,62,1,0.0,Mostly,Cloudy,,69,Moderate,5,4.88,0,10.0,69,236,SW,9,wx1200,"51.52,-0.11",2023-07-14,12,+0100,F,2023-06-29 14:30:34,,
51.52,-0.11,fod_long_range_hourly,63,D,54,Friday,1688045758,1689332400,2023-07-14T12:00:00+0100,71,Excellent,10.0,NaN,71,28,2800,29.94,358,M Cloudy,Mostly Cloudy,Mostly Cloudy,24,rain,0.0,56,1,0.0,Mostly,Cloudy,,71,Moderate,5,5.16,0,10.0,71,234,SW,10,wx1200,"51.52,-0.11",2023-07-14,13,+0100,F,2023-06-29 14:30:34,,
51.52,-0.11,fod_long_range_hourly,65,D,54,Friday,1688045758,1689336000,2023-07-14T13:00:00+0100,72,Excellent,10.0,NaN,72,28,2800,29.94,359,M Cloudy,Mostly Cloudy,Mostly Cloudy,24,rain,0.0,52,1,0.0,Mostly,Cloudy,,72,High,6,5.54,0,10.0,72,230,SW,10,wx1200,"51.52,-0.11",2023-07-14,14,+0100,F,2023-06-29 14:30:34,,
51.52,-0.11,fod_long_range_hourly,67,D,54,Friday,1688045758,1689339600,2023-07-14T14:00:00+0100,73,Excellent,10.0,NaN,73,28,2800,29.94,360,M Cloudy,Mostly Cloudy,Mostly Cloudy,24,rain,0.0,50,1,0.0,Mostly,Cloudy,,73,Moderate,5,5.28,0,10.0,73,230,SW,11,wx1200,"51.52,-0.11",2023-07-14,15,+0100,F,2023-06-29 14:30:34,,
